[0.000000] (-) TimerEvent: {}
[0.000575] (turtlesim) JobQueued: {'identifier': 'turtlesim', 'dependencies': OrderedDict()}
[0.000650] (minimalbeispiel_pkg) JobQueued: {'identifier': 'minimalbeispiel_pkg', 'dependencies': OrderedDict({'turtlesim': '/Minimalbeispiel_Codesys_ROS2/ros2_ws/install/turtlesim'})}
[0.001288] (turtlesim) JobStarted: {'identifier': 'turtlesim'}
[0.015189] (turtlesim) JobProgress: {'identifier': 'turtlesim', 'progress': 'cmake'}
[0.018863] (turtlesim) Command: {'cmd': ['/usr/bin/cmake', '/Minimalbeispiel_Codesys_ROS2/ros2_ws/src/ros_tutorials/turtlesim', '-DCMAKE_INSTALL_PREFIX=/Minimalbeispiel_Codesys_ROS2/ros2_ws/install/turtlesim'], 'cwd': '/Minimalbeispiel_Codesys_ROS2/ros2_ws/build/turtlesim', 'env': OrderedDict({'HOSTNAME': '288febc621fc', 'SHLVL': '1', 'LD_LIBRARY_PATH': '/Minimalbeispiel_Codesys_ROS2/ros2_ws/install/turtlesim/lib:/opt/ros/jazzy/opt/rviz_ogre_vendor/lib:/opt/ros/jazzy/lib/x86_64-linux-gnu:/opt/ros/jazzy/opt/gz_math_vendor/lib:/opt/ros/jazzy/opt/gz_utils_vendor/lib:/opt/ros/jazzy/opt/gz_cmake_vendor/lib:/opt/ros/jazzy/lib', 'HOME': '/root', 'OLDPWD': '/Minimalbeispiel_Codesys_ROS2/ros2_ws/src', 'ROS_PYTHON_VERSION': '3', 'COLCON_PREFIX_PATH': '/Minimalbeispiel_Codesys_ROS2/ros2_ws/install', 'ROS_DISTRO': 'jazzy', '_': '/usr/bin/colcon', 'ROS_VERSION': '2', 'TERM': 'xterm', 'PATH': '/opt/ros/jazzy/bin:/usr/local/sbin:/usr/local/bin:/usr/sbin:/usr/bin:/sbin:/bin', 'DISPLAY': ':0', 'LANG': 'C.UTF-8', 'LS_COLORS': 'rs=0:di=01;34:ln=01;36:mh=00:pi=40;33:so=01;35:do=01;35:bd=40;33;01:cd=40;33;01:or=40;31;01:mi=00:su=37;41:sg=30;43:ca=00:tw=30;42:ow=34;42:st=37;44:ex=01;32:*.tar=01;31:*.tgz=01;31:*.arc=01;31:*.arj=01;31:*.taz=01;31:*.lha=01;31:*.lz4=01;31:*.lzh=01;31:*.lzma=01;31:*.tlz=01;31:*.txz=01;31:*.tzo=01;31:*.t7z=01;31:*.zip=01;31:*.z=01;31:*.dz=01;31:*.gz=01;31:*.lrz=01;31:*.lz=01;31:*.lzo=01;31:*.xz=01;31:*.zst=01;31:*.tzst=01;31:*.bz2=01;31:*.bz=01;31:*.tbz=01;31:*.tbz2=01;31:*.tz=01;31:*.deb=01;31:*.rpm=01;31:*.jar=01;31:*.war=01;31:*.ear=01;31:*.sar=01;31:*.rar=01;31:*.alz=01;31:*.ace=01;31:*.zoo=01;31:*.cpio=01;31:*.7z=01;31:*.rz=01;31:*.cab=01;31:*.wim=01;31:*.swm=01;31:*.dwm=01;31:*.esd=01;31:*.avif=01;35:*.jpg=01;35:*.jpeg=01;35:*.mjpg=01;35:*.mjpeg=01;35:*.gif=01;35:*.bmp=01;35:*.pbm=01;35:*.pgm=01;35:*.ppm=01;35:*.tga=01;35:*.xbm=01;35:*.xpm=01;35:*.tif=01;35:*.tiff=01;35:*.png=01;35:*.svg=01;35:*.svgz=01;35:*.mng=01;35:*.pcx=01;35:*.mov=01;35:*.mpg=01;35:*.mpeg=01;35:*.m2v=01;35:*.mkv=01;35:*.webm=01;35:*.webp=01;35:*.ogm=01;35:*.mp4=01;35:*.m4v=01;35:*.mp4v=01;35:*.vob=01;35:*.qt=01;35:*.nuv=01;35:*.wmv=01;35:*.asf=01;35:*.rm=01;35:*.rmvb=01;35:*.flc=01;35:*.avi=01;35:*.fli=01;35:*.flv=01;35:*.gl=01;35:*.dl=01;35:*.xcf=01;35:*.xwd=01;35:*.yuv=01;35:*.cgm=01;35:*.emf=01;35:*.ogv=01;35:*.ogx=01;35:*.aac=00;36:*.au=00;36:*.flac=00;36:*.m4a=00;36:*.mid=00;36:*.midi=00;36:*.mka=00;36:*.mp3=00;36:*.mpc=00;36:*.ogg=00;36:*.ra=00;36:*.wav=00;36:*.oga=00;36:*.opus=00;36:*.spx=00;36:*.xspf=00;36:*~=00;90:*#=00;90:*.bak=00;90:*.crdownload=00;90:*.dpkg-dist=00;90:*.dpkg-new=00;90:*.dpkg-old=00;90:*.dpkg-tmp=00;90:*.old=00;90:*.orig=00;90:*.part=00;90:*.rej=00;90:*.rpmnew=00;90:*.rpmorig=00;90:*.rpmsave=00;90:*.swp=00;90:*.tmp=00;90:*.ucf-dist=00;90:*.ucf-new=00;90:*.ucf-old=00;90:', 'AMENT_PREFIX_PATH': '/Minimalbeispiel_Codesys_ROS2/ros2_ws/install/turtlesim:/Minimalbeispiel_Codesys_ROS2/ros2_ws/install/minimalbeispiel_pkg:/opt/ros/jazzy', 'ROS_AUTOMATIC_DISCOVERY_RANGE': 'SUBNET', 'PWD': '/Minimalbeispiel_Codesys_ROS2/ros2_ws/build/turtlesim', 'LC_ALL': 'C.UTF-8', 'PYTHONPATH': '/Minimalbeispiel_Codesys_ROS2/ros2_ws/install/turtlesim/lib/python3.12/site-packages:/Minimalbeispiel_Codesys_ROS2/ros2_ws/build/minimalbeispiel_pkg:/Minimalbeispiel_Codesys_ROS2/ros2_ws/install/minimalbeispiel_pkg/lib/python3.12/site-packages:/opt/ros/jazzy/lib/python3.12/site-packages', 'COLCON': '1', 'CMAKE_PREFIX_PATH': '/Minimalbeispiel_Codesys_ROS2/ros2_ws/install/turtlesim:/opt/ros/jazzy/opt/gz_math_vendor:/opt/ros/jazzy/opt/gz_utils_vendor:/opt/ros/jazzy/opt/gz_cmake_vendor:/Minimalbeispiel_Codesys_ROS2/ros2_ws/install/minimalbeispiel_pkg:/opt/ros/jazzy'}), 'shell': False}
[0.099443] (-) TimerEvent: {}
[0.199907] (-) TimerEvent: {}
[0.300420] (-) TimerEvent: {}
[0.384528] (turtlesim) StdoutLine: {'line': b'-- The C compiler identification is GNU 13.3.0\n'}
[0.400606] (-) TimerEvent: {}
[0.501094] (-) TimerEvent: {}
[0.601704] (-) TimerEvent: {}
[0.631996] (turtlesim) StdoutLine: {'line': b'-- The CXX compiler identification is GNU 13.3.0\n'}
[0.665429] (turtlesim) StdoutLine: {'line': b'-- Detecting C compiler ABI info\n'}
[0.701878] (-) TimerEvent: {}
[0.802349] (-) TimerEvent: {}
[0.810415] (turtlesim) StdoutLine: {'line': b'-- Detecting C compiler ABI info - done\n'}
[0.820854] (turtlesim) StdoutLine: {'line': b'-- Check for working C compiler: /usr/bin/cc - skipped\n'}
[0.821475] (turtlesim) StdoutLine: {'line': b'-- Detecting C compile features\n'}
[0.821978] (turtlesim) StdoutLine: {'line': b'-- Detecting C compile features - done\n'}
[0.837887] (turtlesim) StdoutLine: {'line': b'-- Detecting CXX compiler ABI info\n'}
[0.902517] (-) TimerEvent: {}
[0.985159] (turtlesim) StdoutLine: {'line': b'-- Detecting CXX compiler ABI info - done\n'}
[0.994988] (turtlesim) StdoutLine: {'line': b'-- Check for working CXX compiler: /usr/bin/c++ - skipped\n'}
[0.995456] (turtlesim) StdoutLine: {'line': b'-- Detecting CXX compile features\n'}
[0.995919] (turtlesim) StdoutLine: {'line': b'-- Detecting CXX compile features - done\n'}
[1.002705] (-) TimerEvent: {}
[1.006401] (turtlesim) StdoutLine: {'line': b'-- Found ament_cmake: 2.5.6 (/opt/ros/jazzy/share/ament_cmake/cmake)\n'}
[1.102928] (-) TimerEvent: {}
[1.196455] (turtlesim) StdoutLine: {'line': b'-- Found Python3: /usr/bin/python3 (found version "3.12.3") found components: Interpreter \n'}
[1.203177] (-) TimerEvent: {}
[1.303587] (-) TimerEvent: {}
[1.340354] (turtlesim) StdoutLine: {'line': b'-- Found ament_index_cpp: 1.8.4 (/opt/ros/jazzy/share/ament_index_cpp/cmake)\n'}
[1.344911] (turtlesim) StdoutLine: {'line': b'-- Found geometry_msgs: 5.3.8 (/opt/ros/jazzy/share/geometry_msgs/cmake)\n'}
[1.403764] (-) TimerEvent: {}
[1.414803] (turtlesim) StdoutLine: {'line': b'-- Found rosidl_generator_c: 4.6.9 (/opt/ros/jazzy/share/rosidl_generator_c/cmake)\n'}
[1.437619] (turtlesim) StdoutLine: {'line': b'-- Found rosidl_generator_cpp: 4.6.9 (/opt/ros/jazzy/share/rosidl_generator_cpp/cmake)\n'}
[1.463173] (turtlesim) StdoutLine: {'line': b'-- Using all available rosidl_typesupport_c: rosidl_typesupport_fastrtps_c;rosidl_typesupport_introspection_c\n'}
[1.488836] (turtlesim) StdoutLine: {'line': b'-- Using all available rosidl_typesupport_cpp: rosidl_typesupport_fastrtps_cpp;rosidl_typesupport_introspection_cpp\n'}
[1.503941] (-) TimerEvent: {}
[1.581803] (turtlesim) StdoutLine: {'line': b'-- Found rcl_interfaces: 2.0.4 (/opt/ros/jazzy/share/rcl_interfaces/cmake)\n'}
[1.604133] (-) TimerEvent: {}
[1.637351] (turtlesim) StdoutLine: {'line': b'-- Found rclcpp: 28.1.21 (/opt/ros/jazzy/share/rclcpp/cmake)\n'}
[1.675908] (turtlesim) StdoutLine: {'line': b'-- Found rmw_implementation_cmake: 7.3.3 (/opt/ros/jazzy/share/rmw_implementation_cmake/cmake)\n'}
[1.680727] (turtlesim) StdoutLine: {'line': b'-- Found rmw_fastrtps_cpp: 8.4.4 (/opt/ros/jazzy/share/rmw_fastrtps_cpp/cmake)\n'}
[1.704319] (-) TimerEvent: {}
[1.804773] (-) TimerEvent: {}
[1.815835] (turtlesim) StdoutLine: {'line': b'-- Found OpenSSL: /usr/lib/x86_64-linux-gnu/libcrypto.so (found version "3.0.13")  \n'}
[1.843073] (turtlesim) StdoutLine: {'line': b'-- Found FastRTPS: /opt/ros/jazzy/include (Required is at least version "2.13") \n'}
[1.873755] (turtlesim) StdoutLine: {'line': b"-- Using RMW implementation 'rmw_fastrtps_cpp' as default\n"}
[1.904933] (-) TimerEvent: {}
[1.973519] (turtlesim) StdoutLine: {'line': b'-- Found rclcpp_action: 28.1.21 (/opt/ros/jazzy/share/rclcpp_action/cmake)\n'}
[2.005149] (-) TimerEvent: {}
[2.034825] (turtlesim) StdoutLine: {'line': b'-- Found rosidl_default_generators: 1.6.1 (/opt/ros/jazzy/share/rosidl_default_generators/cmake)\n'}
[2.062630] (turtlesim) StdoutLine: {'line': b'-- Found rosidl_adapter: 4.6.9 (/opt/ros/jazzy/share/rosidl_adapter/cmake)\n'}
[2.067732] (turtlesim) StdoutLine: {'line': b'-- Found std_srvs: 5.3.8 (/opt/ros/jazzy/share/std_srvs/cmake)\n'}
[2.105289] (-) TimerEvent: {}
[2.205719] (-) TimerEvent: {}
[2.306155] (-) TimerEvent: {}
[2.406685] (-) TimerEvent: {}
[2.507203] (-) TimerEvent: {}
[2.607621] (-) TimerEvent: {}
[2.708009] (-) TimerEvent: {}
[2.808439] (-) TimerEvent: {}
[2.885281] (turtlesim) StdoutLine: {'line': b'-- Found ament_cmake_ros: 0.12.1 (/opt/ros/jazzy/share/ament_cmake_ros/cmake)\n'}
[2.908630] (-) TimerEvent: {}
[3.009132] (-) TimerEvent: {}
[3.109521] (-) TimerEvent: {}
[3.209980] (-) TimerEvent: {}
[3.310464] (-) TimerEvent: {}
[3.410929] (-) TimerEvent: {}
[3.511443] (-) TimerEvent: {}
[3.611870] (-) TimerEvent: {}
[3.712326] (-) TimerEvent: {}
[3.812893] (-) TimerEvent: {}
[3.834137] (turtlesim) StdoutLine: {'line': b'-- Using all available rosidl_typesupport_c: rosidl_typesupport_fastrtps_c;rosidl_typesupport_introspection_c\n'}
[3.913059] (-) TimerEvent: {}
[4.013547] (-) TimerEvent: {}
[4.113968] (-) TimerEvent: {}
[4.214435] (-) TimerEvent: {}
[4.221803] (turtlesim) StdoutLine: {'line': b'-- Using all available rosidl_typesupport_cpp: rosidl_typesupport_fastrtps_cpp;rosidl_typesupport_introspection_cpp\n'}
[4.227920] (turtlesim) StdoutLine: {'line': b'-- Found python_cmake_module: 0.11.1 (/opt/ros/jazzy/share/python_cmake_module/cmake)\n'}
[4.314699] (-) TimerEvent: {}
[4.406056] (turtlesim) StdoutLine: {'line': b'-- Found PythonExtra: /usr/bin/python3  \n'}
[4.414941] (-) TimerEvent: {}
[4.515486] (-) TimerEvent: {}
[4.615885] (-) TimerEvent: {}
[4.716270] (-) TimerEvent: {}
[4.816713] (-) TimerEvent: {}
[4.917137] (-) TimerEvent: {}
[4.987140] (turtlesim) StdoutLine: {'line': b'-- Found Python3: /usr/bin/python3 (found version "3.12.3") found components: Interpreter Development NumPy Development.Module Development.Embed \n'}
[5.017273] (-) TimerEvent: {}
[5.086272] (turtlesim) StdoutLine: {'line': b'-- Found Python3: /usr/bin/python3 (found version "3.12.3") found components: Interpreter \n'}
[5.093460] (turtlesim) StdoutLine: {'line': b'-- Found ament_lint_auto: 0.17.5 (/opt/ros/jazzy/share/ament_lint_auto/cmake)\n'}
[5.117419] (-) TimerEvent: {}
[5.139253] (turtlesim) StdoutLine: {'line': b"-- Added test 'copyright' to check source files copyright and LICENSE\n"}
[5.145076] (turtlesim) StdoutLine: {'line': b"-- Added test 'cppcheck' to perform static code analysis on C / C++ code\n"}
[5.147492] (turtlesim) StdoutLine: {'line': b'-- Configured cppcheck include dirs: /Minimalbeispiel_Codesys_ROS2/ros2_ws/src/ros_tutorials/turtlesim/include\n'}
[5.147752] (turtlesim) StdoutLine: {'line': b'-- Configured cppcheck exclude dirs and/or files: \n'}
[5.153593] (turtlesim) StdoutLine: {'line': b"-- Added test 'cpplint' to check C / C++ code against the Google style\n"}
[5.153833] (turtlesim) StdoutLine: {'line': b'-- Configured cpplint exclude dirs and/or files: \n'}
[5.155906] (turtlesim) StdoutLine: {'line': b"-- Added test 'flake8' to check Python code syntax and style conventions\n"}
[5.156094] (turtlesim) StdoutLine: {'line': b"-- Configured 'flake8' exclude dirs and/or files: \n"}
[5.158214] (turtlesim) StdoutLine: {'line': b"-- Added test 'lint_cmake' to check CMake code style\n"}
[5.160082] (turtlesim) StdoutLine: {'line': b"-- Added test 'pep257' to check Python code against some of the docstring style conventions in PEP 257\n"}
[5.165193] (turtlesim) StdoutLine: {'line': b"-- Added test 'uncrustify' to check C / C++ code style\n"}
[5.165539] (turtlesim) StdoutLine: {'line': b'-- Configured uncrustify additional arguments: \n'}
[5.167226] (turtlesim) StdoutLine: {'line': b"-- Added test 'xmllint' to check XML markup files\n"}
[5.173668] (turtlesim) StdoutLine: {'line': b'-- Configuring done (5.1s)\n'}
[5.217624] (-) TimerEvent: {}
[5.318072] (-) TimerEvent: {}
[5.378170] (turtlesim) StdoutLine: {'line': b'-- Generating done (0.2s)\n'}
[5.413482] (turtlesim) StdoutLine: {'line': b'-- Build files have been written to: /Minimalbeispiel_Codesys_ROS2/ros2_ws/build/turtlesim\n'}
[5.418264] (-) TimerEvent: {}
[5.437582] (turtlesim) CommandEnded: {'returncode': 0}
[5.439676] (turtlesim) JobProgress: {'identifier': 'turtlesim', 'progress': 'build'}
[5.439750] (turtlesim) Command: {'cmd': ['/usr/bin/cmake', '--build', '/Minimalbeispiel_Codesys_ROS2/ros2_ws/build/turtlesim', '--', '-j16', '-l16'], 'cwd': '/Minimalbeispiel_Codesys_ROS2/ros2_ws/build/turtlesim', 'env': OrderedDict({'HOSTNAME': '288febc621fc', 'SHLVL': '1', 'LD_LIBRARY_PATH': '/Minimalbeispiel_Codesys_ROS2/ros2_ws/install/turtlesim/lib:/opt/ros/jazzy/opt/rviz_ogre_vendor/lib:/opt/ros/jazzy/lib/x86_64-linux-gnu:/opt/ros/jazzy/opt/gz_math_vendor/lib:/opt/ros/jazzy/opt/gz_utils_vendor/lib:/opt/ros/jazzy/opt/gz_cmake_vendor/lib:/opt/ros/jazzy/lib', 'HOME': '/root', 'OLDPWD': '/Minimalbeispiel_Codesys_ROS2/ros2_ws/src', 'ROS_PYTHON_VERSION': '3', 'COLCON_PREFIX_PATH': '/Minimalbeispiel_Codesys_ROS2/ros2_ws/install', 'ROS_DISTRO': 'jazzy', '_': '/usr/bin/colcon', 'ROS_VERSION': '2', 'TERM': 'xterm', 'PATH': '/opt/ros/jazzy/bin:/usr/local/sbin:/usr/local/bin:/usr/sbin:/usr/bin:/sbin:/bin', 'DISPLAY': ':0', 'LANG': 'C.UTF-8', 'LS_COLORS': 'rs=0:di=01;34:ln=01;36:mh=00:pi=40;33:so=01;35:do=01;35:bd=40;33;01:cd=40;33;01:or=40;31;01:mi=00:su=37;41:sg=30;43:ca=00:tw=30;42:ow=34;42:st=37;44:ex=01;32:*.tar=01;31:*.tgz=01;31:*.arc=01;31:*.arj=01;31:*.taz=01;31:*.lha=01;31:*.lz4=01;31:*.lzh=01;31:*.lzma=01;31:*.tlz=01;31:*.txz=01;31:*.tzo=01;31:*.t7z=01;31:*.zip=01;31:*.z=01;31:*.dz=01;31:*.gz=01;31:*.lrz=01;31:*.lz=01;31:*.lzo=01;31:*.xz=01;31:*.zst=01;31:*.tzst=01;31:*.bz2=01;31:*.bz=01;31:*.tbz=01;31:*.tbz2=01;31:*.tz=01;31:*.deb=01;31:*.rpm=01;31:*.jar=01;31:*.war=01;31:*.ear=01;31:*.sar=01;31:*.rar=01;31:*.alz=01;31:*.ace=01;31:*.zoo=01;31:*.cpio=01;31:*.7z=01;31:*.rz=01;31:*.cab=01;31:*.wim=01;31:*.swm=01;31:*.dwm=01;31:*.esd=01;31:*.avif=01;35:*.jpg=01;35:*.jpeg=01;35:*.mjpg=01;35:*.mjpeg=01;35:*.gif=01;35:*.bmp=01;35:*.pbm=01;35:*.pgm=01;35:*.ppm=01;35:*.tga=01;35:*.xbm=01;35:*.xpm=01;35:*.tif=01;35:*.tiff=01;35:*.png=01;35:*.svg=01;35:*.svgz=01;35:*.mng=01;35:*.pcx=01;35:*.mov=01;35:*.mpg=01;35:*.mpeg=01;35:*.m2v=01;35:*.mkv=01;35:*.webm=01;35:*.webp=01;35:*.ogm=01;35:*.mp4=01;35:*.m4v=01;35:*.mp4v=01;35:*.vob=01;35:*.qt=01;35:*.nuv=01;35:*.wmv=01;35:*.asf=01;35:*.rm=01;35:*.rmvb=01;35:*.flc=01;35:*.avi=01;35:*.fli=01;35:*.flv=01;35:*.gl=01;35:*.dl=01;35:*.xcf=01;35:*.xwd=01;35:*.yuv=01;35:*.cgm=01;35:*.emf=01;35:*.ogv=01;35:*.ogx=01;35:*.aac=00;36:*.au=00;36:*.flac=00;36:*.m4a=00;36:*.mid=00;36:*.midi=00;36:*.mka=00;36:*.mp3=00;36:*.mpc=00;36:*.ogg=00;36:*.ra=00;36:*.wav=00;36:*.oga=00;36:*.opus=00;36:*.spx=00;36:*.xspf=00;36:*~=00;90:*#=00;90:*.bak=00;90:*.crdownload=00;90:*.dpkg-dist=00;90:*.dpkg-new=00;90:*.dpkg-old=00;90:*.dpkg-tmp=00;90:*.old=00;90:*.orig=00;90:*.part=00;90:*.rej=00;90:*.rpmnew=00;90:*.rpmorig=00;90:*.rpmsave=00;90:*.swp=00;90:*.tmp=00;90:*.ucf-dist=00;90:*.ucf-new=00;90:*.ucf-old=00;90:', 'AMENT_PREFIX_PATH': '/Minimalbeispiel_Codesys_ROS2/ros2_ws/install/turtlesim:/Minimalbeispiel_Codesys_ROS2/ros2_ws/install/minimalbeispiel_pkg:/opt/ros/jazzy', 'ROS_AUTOMATIC_DISCOVERY_RANGE': 'SUBNET', 'PWD': '/Minimalbeispiel_Codesys_ROS2/ros2_ws/build/turtlesim', 'LC_ALL': 'C.UTF-8', 'PYTHONPATH': '/Minimalbeispiel_Codesys_ROS2/ros2_ws/install/turtlesim/lib/python3.12/site-packages:/Minimalbeispiel_Codesys_ROS2/ros2_ws/build/minimalbeispiel_pkg:/Minimalbeispiel_Codesys_ROS2/ros2_ws/install/minimalbeispiel_pkg/lib/python3.12/site-packages:/opt/ros/jazzy/lib/python3.12/site-packages', 'COLCON': '1', 'CMAKE_PREFIX_PATH': '/Minimalbeispiel_Codesys_ROS2/ros2_ws/install/turtlesim:/opt/ros/jazzy/opt/gz_math_vendor:/opt/ros/jazzy/opt/gz_utils_vendor:/opt/ros/jazzy/opt/gz_cmake_vendor:/Minimalbeispiel_Codesys_ROS2/ros2_ws/install/minimalbeispiel_pkg:/opt/ros/jazzy'}), 'shell': False}
[5.518555] (-) TimerEvent: {}
[5.526205] (turtlesim) StdoutLine: {'line': b'[  2%] \x1b[34m\x1b[1mGenerating Rust code for ROS interfaces\x1b[0m\n'}
[5.526654] (turtlesim) StdoutLine: {'line': b'[  2%] \x1b[34m\x1b[1mGenerating type hashes for ROS interfaces\x1b[0m\n'}
[5.542187] (turtlesim) StdoutLine: {'line': b'[  2%] Built target ament_cmake_python_copy_turtlesim\n'}
[5.618700] (-) TimerEvent: {}
[5.719279] (-) TimerEvent: {}
[5.819709] (-) TimerEvent: {}
[5.875475] (turtlesim) StdoutLine: {'line': b'running egg_info\n'}
[5.876749] (turtlesim) StdoutLine: {'line': b'creating turtlesim.egg-info\n'}
[5.903932] (turtlesim) StdoutLine: {'line': b'writing turtlesim.egg-info/PKG-INFO\n'}
[5.904419] (turtlesim) StdoutLine: {'line': b'writing dependency_links to turtlesim.egg-info/dependency_links.txt\n'}
[5.904778] (turtlesim) StdoutLine: {'line': b'writing top-level names to turtlesim.egg-info/top_level.txt\n'}
[5.905086] (turtlesim) StdoutLine: {'line': b"writing manifest file 'turtlesim.egg-info/SOURCES.txt'\n"}
[5.919889] (-) TimerEvent: {}
[6.020469] (-) TimerEvent: {}
[6.031091] (turtlesim) StdoutLine: {'line': b"reading manifest file 'turtlesim.egg-info/SOURCES.txt'\n"}
[6.032205] (turtlesim) StdoutLine: {'line': b"writing manifest file 'turtlesim.egg-info/SOURCES.txt'\n"}
[6.040964] (turtlesim) StdoutLine: {'line': b'[  2%] Built target turtlesim__rosidl_generator_type_description\n'}
[6.062645] (turtlesim) StdoutLine: {'line': b'[  3%] \x1b[34m\x1b[1mGenerating C code for ROS interfaces\x1b[0m\n'}
[6.083066] (turtlesim) StdoutLine: {'line': b'[  3%] \x1b[34m\x1b[1mGenerating C++ code for ROS interfaces\x1b[0m\n'}
[6.088929] (turtlesim) StdoutLine: {'line': b'[  3%] Built target ament_cmake_python_build_turtlesim_egg\n'}
[6.120699] (-) TimerEvent: {}
[6.142813] (turtlesim) StdoutLine: {'line': b'[  3%] Built target turtlesim__rs\n'}
[6.220882] (-) TimerEvent: {}
[6.321466] (-) TimerEvent: {}
[6.422191] (-) TimerEvent: {}
[6.522870] (-) TimerEvent: {}
[6.623450] (-) TimerEvent: {}
[6.723930] (-) TimerEvent: {}
[6.824317] (-) TimerEvent: {}
[6.924757] (-) TimerEvent: {}
[7.025262] (-) TimerEvent: {}
[7.125757] (-) TimerEvent: {}
[7.226241] (-) TimerEvent: {}
[7.326759] (-) TimerEvent: {}
[7.386464] (turtlesim) StdoutLine: {'line': b'[  3%] Built target turtlesim__cpp\n'}
[7.426977] (-) TimerEvent: {}
[7.527444] (-) TimerEvent: {}
[7.628005] (-) TimerEvent: {}
[7.717327] (turtlesim) StdoutLine: {'line': b'[  5%] \x1b[32mBuilding C object CMakeFiles/turtlesim__rosidl_generator_c.dir/rosidl_generator_c/turtlesim/action/detail/rotate_absolute__functions.c.o\x1b[0m\n'}
[7.717925] (turtlesim) StdoutLine: {'line': b'[  5%] \x1b[32mBuilding C object CMakeFiles/turtlesim__rosidl_generator_c.dir/rosidl_generator_c/turtlesim/action/detail/rotate_absolute__description.c.o\x1b[0m\n'}
[7.718527] (turtlesim) StdoutLine: {'line': b'[  6%] \x1b[32mBuilding C object CMakeFiles/turtlesim__rosidl_generator_c.dir/rosidl_generator_c/turtlesim/msg/detail/color__type_support.c.o\x1b[0m\n'}
[7.719036] (turtlesim) StdoutLine: {'line': b'[  6%] \x1b[32mBuilding C object CMakeFiles/turtlesim__rosidl_generator_c.dir/rosidl_generator_c/turtlesim/msg/detail/color__functions.c.o\x1b[0m\n'}
[7.719414] (turtlesim) StdoutLine: {'line': b'[  8%] \x1b[32mBuilding C object CMakeFiles/turtlesim__rosidl_generator_c.dir/rosidl_generator_c/turtlesim/action/detail/rotate_absolute__type_support.c.o\x1b[0m\n'}
[7.719612] (turtlesim) StdoutLine: {'line': b'[  8%] \x1b[32mBuilding C object CMakeFiles/turtlesim__rosidl_generator_c.dir/rosidl_generator_c/turtlesim/msg/detail/pose__functions.c.o\x1b[0m\n'}
[7.723210] (turtlesim) StdoutLine: {'line': b'[  9%] \x1b[32mBuilding C object CMakeFiles/turtlesim__rosidl_generator_c.dir/rosidl_generator_c/turtlesim/msg/detail/pose__type_support.c.o\x1b[0m\n'}
[7.723737] (turtlesim) StdoutLine: {'line': b'[ 10%] \x1b[32mBuilding C object CMakeFiles/turtlesim__rosidl_generator_c.dir/rosidl_generator_c/turtlesim/msg/detail/pose__description.c.o\x1b[0m\n'}
[7.724066] (turtlesim) StdoutLine: {'line': b'[ 11%] \x1b[32mBuilding C object CMakeFiles/turtlesim__rosidl_generator_c.dir/rosidl_generator_c/turtlesim/msg/detail/color__description.c.o\x1b[0m\n'}
[7.724361] (turtlesim) StdoutLine: {'line': b'[ 12%] \x1b[32mBuilding C object CMakeFiles/turtlesim__rosidl_generator_c.dir/rosidl_generator_c/turtlesim/srv/detail/kill__description.c.o\x1b[0m\n'}
[7.724655] (turtlesim) StdoutLine: {'line': b'[ 13%] \x1b[32mBuilding C object CMakeFiles/turtlesim__rosidl_generator_c.dir/rosidl_generator_c/turtlesim/srv/detail/set_pen__description.c.o\x1b[0m\n'}
[7.725143] (turtlesim) StdoutLine: {'line': b'[ 14%] \x1b[32mBuilding C object CMakeFiles/turtlesim__rosidl_generator_c.dir/rosidl_generator_c/turtlesim/srv/detail/kill__functions.c.o\x1b[0m\n'}
[7.725473] (turtlesim) StdoutLine: {'line': b'[ 14%] \x1b[32mBuilding C object CMakeFiles/turtlesim__rosidl_generator_c.dir/rosidl_generator_c/turtlesim/srv/detail/kill__type_support.c.o\x1b[0m\n'}
[7.727394] (turtlesim) StdoutLine: {'line': b'[ 16%] \x1b[32mBuilding C object CMakeFiles/turtlesim__rosidl_generator_c.dir/rosidl_generator_c/turtlesim/srv/detail/set_pen__type_support.c.o\x1b[0m\n'}
[7.727768] (turtlesim) StdoutLine: {'line': b'[ 16%] \x1b[32mBuilding C object CMakeFiles/turtlesim__rosidl_generator_c.dir/rosidl_generator_c/turtlesim/srv/detail/set_pen__functions.c.o\x1b[0m\n'}
[7.728138] (-) TimerEvent: {}
[7.731362] (turtlesim) StdoutLine: {'line': b'[ 17%] \x1b[32mBuilding C object CMakeFiles/turtlesim__rosidl_generator_c.dir/rosidl_generator_c/turtlesim/srv/detail/spawn__description.c.o\x1b[0m\n'}
[7.828449] (-) TimerEvent: {}
[7.849203] (turtlesim) StdoutLine: {'line': b'[ 18%] \x1b[32mBuilding C object CMakeFiles/turtlesim__rosidl_generator_c.dir/rosidl_generator_c/turtlesim/srv/detail/spawn__functions.c.o\x1b[0m\n'}
[7.894277] (turtlesim) StdoutLine: {'line': b'[ 20%] \x1b[32mBuilding C object CMakeFiles/turtlesim__rosidl_generator_c.dir/rosidl_generator_c/turtlesim/srv/detail/spawn__type_support.c.o\x1b[0m\n'}
[7.894965] (turtlesim) StdoutLine: {'line': b'[ 20%] \x1b[32mBuilding C object CMakeFiles/turtlesim__rosidl_generator_c.dir/rosidl_generator_c/turtlesim/srv/detail/teleport_absolute__functions.c.o\x1b[0m\n'}
[7.900540] (turtlesim) StdoutLine: {'line': b'[ 20%] \x1b[32mBuilding C object CMakeFiles/turtlesim__rosidl_generator_c.dir/rosidl_generator_c/turtlesim/srv/detail/teleport_absolute__description.c.o\x1b[0m\n'}
[7.909420] (turtlesim) StdoutLine: {'line': b'[ 21%] \x1b[32mBuilding C object CMakeFiles/turtlesim__rosidl_generator_c.dir/rosidl_generator_c/turtlesim/srv/detail/teleport_absolute__type_support.c.o\x1b[0m\n'}
[7.910231] (turtlesim) StdoutLine: {'line': b'[ 22%] \x1b[32mBuilding C object CMakeFiles/turtlesim__rosidl_generator_c.dir/rosidl_generator_c/turtlesim/srv/detail/teleport_relative__description.c.o\x1b[0m\n'}
[7.922032] (turtlesim) StdoutLine: {'line': b'[ 24%] \x1b[32mBuilding C object CMakeFiles/turtlesim__rosidl_generator_c.dir/rosidl_generator_c/turtlesim/srv/detail/teleport_relative__functions.c.o\x1b[0m\n'}
[7.922686] (turtlesim) StdoutLine: {'line': b'[ 24%] \x1b[32mBuilding C object CMakeFiles/turtlesim__rosidl_generator_c.dir/rosidl_generator_c/turtlesim/srv/detail/teleport_relative__type_support.c.o\x1b[0m\n'}
[7.928707] (-) TimerEvent: {}
[8.029325] (-) TimerEvent: {}
[8.094195] (turtlesim) StdoutLine: {'line': b'[ 25%] \x1b[32m\x1b[1mLinking C shared library libturtlesim__rosidl_generator_c.so\x1b[0m\n'}
[8.129525] (-) TimerEvent: {}
[8.165115] (turtlesim) StdoutLine: {'line': b'[ 25%] Built target turtlesim__rosidl_generator_c\n'}
[8.182711] (turtlesim) StdoutLine: {'line': b'[ 29%] \x1b[34m\x1b[1mGenerating C introspection for ROS interfaces\x1b[0m\n'}
[8.183164] (turtlesim) StdoutLine: {'line': b'[ 29%] \x1b[34m\x1b[1mGenerating C type support dispatch for ROS interfaces\x1b[0m\n'}
[8.183325] (turtlesim) StdoutLine: {'line': b'[ 29%] \x1b[34m\x1b[1mGenerating C++ introspection for ROS interfaces\x1b[0m\n'}
[8.183438] (turtlesim) StdoutLine: {'line': b'[ 29%] \x1b[34m\x1b[1mGenerating C type support for eProsima Fast-RTPS\x1b[0m\n'}
[8.183673] (turtlesim) StdoutLine: {'line': b'[ 30%] \x1b[34m\x1b[1mGenerating C++ type support for eProsima Fast-RTPS\x1b[0m\n'}
[8.186608] (turtlesim) StdoutLine: {'line': b'[ 31%] \x1b[34m\x1b[1mGenerating C++ type support dispatch for ROS interfaces\x1b[0m\n'}
[8.229692] (-) TimerEvent: {}
[8.330235] (-) TimerEvent: {}
[8.430763] (-) TimerEvent: {}
[8.531364] (-) TimerEvent: {}
[8.631917] (-) TimerEvent: {}
[8.732483] (-) TimerEvent: {}
[8.833005] (-) TimerEvent: {}
[8.933600] (-) TimerEvent: {}
[9.034279] (-) TimerEvent: {}
[9.111576] (turtlesim) StdoutLine: {'line': b'[ 32%] \x1b[32mBuilding CXX object CMakeFiles/turtlesim__rosidl_typesupport_c.dir/rosidl_typesupport_c/turtlesim/action/rotate_absolute__type_support.cpp.o\x1b[0m\n'}
[9.112004] (turtlesim) StdoutLine: {'line': b'[ 33%] \x1b[32mBuilding CXX object CMakeFiles/turtlesim__rosidl_typesupport_c.dir/rosidl_typesupport_c/turtlesim/msg/pose__type_support.cpp.o\x1b[0m\n'}
[9.112222] (turtlesim) StdoutLine: {'line': b'[ 35%] \x1b[32mBuilding CXX object CMakeFiles/turtlesim__rosidl_typesupport_c.dir/rosidl_typesupport_c/turtlesim/srv/spawn__type_support.cpp.o\x1b[0m\n'}
[9.112385] (turtlesim) StdoutLine: {'line': b'[ 35%] \x1b[32mBuilding CXX object CMakeFiles/turtlesim__rosidl_typesupport_c.dir/rosidl_typesupport_c/turtlesim/msg/color__type_support.cpp.o\x1b[0m\n'}
[9.112600] (turtlesim) StdoutLine: {'line': b'[ 36%] \x1b[32mBuilding CXX object CMakeFiles/turtlesim__rosidl_typesupport_c.dir/rosidl_typesupport_c/turtlesim/srv/kill__type_support.cpp.o\x1b[0m\n'}
[9.112818] (turtlesim) StdoutLine: {'line': b'[ 36%] \x1b[32mBuilding CXX object CMakeFiles/turtlesim__rosidl_typesupport_c.dir/rosidl_typesupport_c/turtlesim/srv/set_pen__type_support.cpp.o\x1b[0m\n'}
[9.114595] (turtlesim) StdoutLine: {'line': b'[ 38%] \x1b[32mBuilding CXX object CMakeFiles/turtlesim__rosidl_typesupport_c.dir/rosidl_typesupport_c/turtlesim/srv/teleport_relative__type_support.cpp.o\x1b[0m\n'}
[9.114912] (turtlesim) StdoutLine: {'line': b'[ 38%] \x1b[32mBuilding CXX object CMakeFiles/turtlesim__rosidl_typesupport_c.dir/rosidl_typesupport_c/turtlesim/srv/teleport_absolute__type_support.cpp.o\x1b[0m\n'}
[9.134599] (-) TimerEvent: {}
[9.237424] (-) TimerEvent: {}
[9.259710] (turtlesim) StdoutLine: {'line': b'[ 39%] \x1b[32mBuilding CXX object CMakeFiles/turtlesim__rosidl_typesupport_cpp.dir/rosidl_typesupport_cpp/turtlesim/action/rotate_absolute__type_support.cpp.o\x1b[0m\n'}
[9.260251] (turtlesim) StdoutLine: {'line': b'[ 39%] \x1b[32mBuilding CXX object CMakeFiles/turtlesim__rosidl_typesupport_cpp.dir/rosidl_typesupport_cpp/turtlesim/msg/pose__type_support.cpp.o\x1b[0m\n'}
[9.262379] (turtlesim) StdoutLine: {'line': b'[ 40%] \x1b[32mBuilding CXX object CMakeFiles/turtlesim__rosidl_typesupport_cpp.dir/rosidl_typesupport_cpp/turtlesim/srv/kill__type_support.cpp.o\x1b[0m\n'}
[9.264981] (turtlesim) StdoutLine: {'line': b'[ 41%] \x1b[32mBuilding CXX object CMakeFiles/turtlesim__rosidl_typesupport_cpp.dir/rosidl_typesupport_cpp/turtlesim/msg/color__type_support.cpp.o\x1b[0m\n'}
[9.296748] (turtlesim) StdoutLine: {'line': b'[ 43%] \x1b[32mBuilding CXX object CMakeFiles/turtlesim__rosidl_typesupport_cpp.dir/rosidl_typesupport_cpp/turtlesim/srv/spawn__type_support.cpp.o\x1b[0m\n'}
[9.298020] (turtlesim) StdoutLine: {'line': b'[ 43%] \x1b[32mBuilding CXX object CMakeFiles/turtlesim__rosidl_typesupport_cpp.dir/rosidl_typesupport_cpp/turtlesim/srv/set_pen__type_support.cpp.o\x1b[0m\n'}
[9.298849] (turtlesim) StdoutLine: {'line': b'[ 43%] \x1b[32mBuilding CXX object CMakeFiles/turtlesim__rosidl_typesupport_cpp.dir/rosidl_typesupport_cpp/turtlesim/srv/teleport_absolute__type_support.cpp.o\x1b[0m\n'}
[9.300366] (turtlesim) StdoutLine: {'line': b'[ 44%] \x1b[32mBuilding CXX object CMakeFiles/turtlesim__rosidl_typesupport_cpp.dir/rosidl_typesupport_cpp/turtlesim/srv/teleport_relative__type_support.cpp.o\x1b[0m\n'}
[9.337661] (-) TimerEvent: {}
[9.338399] (turtlesim) StdoutLine: {'line': b'[ 45%] \x1b[32m\x1b[1mLinking CXX shared library libturtlesim__rosidl_typesupport_c.so\x1b[0m\n'}
[9.439182] (-) TimerEvent: {}
[9.483614] (turtlesim) StdoutLine: {'line': b'[ 45%] Built target turtlesim__rosidl_typesupport_c\n'}
[9.539358] (-) TimerEvent: {}
[9.625093] (turtlesim) StdoutLine: {'line': b'[ 48%] \x1b[32mBuilding CXX object CMakeFiles/turtlesim__rosidl_typesupport_introspection_cpp.dir/rosidl_typesupport_introspection_cpp/turtlesim/msg/detail/pose__type_support.cpp.o\x1b[0m\n'}
[9.629504] (turtlesim) StdoutLine: {'line': b'[ 48%] \x1b[32mBuilding CXX object CMakeFiles/turtlesim__rosidl_typesupport_introspection_cpp.dir/rosidl_typesupport_introspection_cpp/turtlesim/action/detail/rotate_absolute__type_support.cpp.o\x1b[0m\n'}
[9.630020] (turtlesim) StdoutLine: {'line': b'[ 48%] \x1b[32mBuilding CXX object CMakeFiles/turtlesim__rosidl_typesupport_introspection_cpp.dir/rosidl_typesupport_introspection_cpp/turtlesim/srv/detail/kill__type_support.cpp.o\x1b[0m\n'}
[9.630479] (turtlesim) StdoutLine: {'line': b'[ 48%] \x1b[32mBuilding CXX object CMakeFiles/turtlesim__rosidl_typesupport_introspection_cpp.dir/rosidl_typesupport_introspection_cpp/turtlesim/msg/detail/color__type_support.cpp.o\x1b[0m\n'}
[9.639579] (-) TimerEvent: {}
[9.641495] (turtlesim) StdoutLine: {'line': b'[ 49%] \x1b[32mBuilding CXX object CMakeFiles/turtlesim__rosidl_typesupport_introspection_cpp.dir/rosidl_typesupport_introspection_cpp/turtlesim/srv/detail/set_pen__type_support.cpp.o\x1b[0m\n'}
[9.739743] (-) TimerEvent: {}
[9.841533] (-) TimerEvent: {}
[9.942246] (-) TimerEvent: {}
[10.045519] (-) TimerEvent: {}
[10.146410] (-) TimerEvent: {}
[10.247120] (-) TimerEvent: {}
[10.250286] (turtlesim) StdoutLine: {'line': b'[ 50%] \x1b[32mBuilding C object CMakeFiles/turtlesim__rosidl_typesupport_introspection_c.dir/rosidl_typesupport_introspection_c/turtlesim/action/detail/rotate_absolute__type_support.c.o\x1b[0m\n'}
[10.349143] (-) TimerEvent: {}
[10.450092] (-) TimerEvent: {}
[10.519486] (turtlesim) StdoutLine: {'line': b'[ 51%] \x1b[32mBuilding C object CMakeFiles/turtlesim__rosidl_typesupport_introspection_c.dir/rosidl_typesupport_introspection_c/turtlesim/msg/detail/color__type_support.c.o\x1b[0m\n'}
[10.527725] (turtlesim) StdoutLine: {'line': b'[ 52%] \x1b[32mBuilding CXX object CMakeFiles/turtlesim__rosidl_typesupport_introspection_cpp.dir/rosidl_typesupport_introspection_cpp/turtlesim/srv/detail/spawn__type_support.cpp.o\x1b[0m\n'}
[10.550332] (-) TimerEvent: {}
[10.557205] (turtlesim) StdoutLine: {'line': b'[ 53%] \x1b[32mBuilding CXX object CMakeFiles/turtlesim__rosidl_typesupport_introspection_cpp.dir/rosidl_typesupport_introspection_cpp/turtlesim/srv/detail/teleport_absolute__type_support.cpp.o\x1b[0m\n'}
[10.650572] (-) TimerEvent: {}
[10.675049] (turtlesim) StdoutLine: {'line': b'[ 54%] \x1b[32mBuilding C object CMakeFiles/turtlesim__rosidl_typesupport_introspection_c.dir/rosidl_typesupport_introspection_c/turtlesim/msg/detail/pose__type_support.c.o\x1b[0m\n'}
[10.750820] (-) TimerEvent: {}
[10.852092] (turtlesim) StdoutLine: {'line': b'[ 55%] \x1b[32mBuilding C object CMakeFiles/turtlesim__rosidl_typesupport_introspection_c.dir/rosidl_typesupport_introspection_c/turtlesim/srv/detail/kill__type_support.c.o\x1b[0m\n'}
[10.852681] (-) TimerEvent: {}
[10.931251] (turtlesim) StdoutLine: {'line': b'[ 56%] \x1b[32mBuilding CXX object CMakeFiles/turtlesim__rosidl_typesupport_introspection_cpp.dir/rosidl_typesupport_introspection_cpp/turtlesim/srv/detail/teleport_relative__type_support.cpp.o\x1b[0m\n'}
[10.952933] (-) TimerEvent: {}
[11.035952] (turtlesim) StdoutLine: {'line': b'[ 56%] \x1b[32mBuilding C object CMakeFiles/turtlesim__rosidl_typesupport_introspection_c.dir/rosidl_typesupport_introspection_c/turtlesim/srv/detail/set_pen__type_support.c.o\x1b[0m\n'}
[11.057499] (-) TimerEvent: {}
[11.075036] (turtlesim) StdoutLine: {'line': b'[ 57%] \x1b[32mBuilding C object CMakeFiles/turtlesim__rosidl_typesupport_introspection_c.dir/rosidl_typesupport_introspection_c/turtlesim/srv/detail/spawn__type_support.c.o\x1b[0m\n'}
[11.088522] (turtlesim) StdoutLine: {'line': b'[ 58%] \x1b[32mBuilding C object CMakeFiles/turtlesim__rosidl_typesupport_introspection_c.dir/rosidl_typesupport_introspection_c/turtlesim/srv/detail/teleport_absolute__type_support.c.o\x1b[0m\n'}
[11.110179] (turtlesim) StdoutLine: {'line': b'[ 59%] \x1b[32mBuilding C object CMakeFiles/turtlesim__rosidl_typesupport_introspection_c.dir/rosidl_typesupport_introspection_c/turtlesim/srv/detail/teleport_relative__type_support.c.o\x1b[0m\n'}
[11.157761] (-) TimerEvent: {}
[11.236754] (turtlesim) StdoutLine: {'line': b'[ 60%] \x1b[32mBuilding CXX object CMakeFiles/turtlesim__rosidl_typesupport_fastrtps_cpp.dir/rosidl_typesupport_fastrtps_cpp/turtlesim/msg/detail/dds_fastrtps/color__type_support.cpp.o\x1b[0m\n'}
[11.239435] (turtlesim) StdoutLine: {'line': b'[ 60%] \x1b[32mBuilding CXX object CMakeFiles/turtlesim__rosidl_typesupport_fastrtps_cpp.dir/rosidl_typesupport_fastrtps_cpp/turtlesim/action/detail/dds_fastrtps/rotate_absolute__type_support.cpp.o\x1b[0m\n'}
[11.244712] (turtlesim) StdoutLine: {'line': b'[ 61%] \x1b[32mBuilding CXX object CMakeFiles/turtlesim__rosidl_typesupport_fastrtps_cpp.dir/rosidl_typesupport_fastrtps_cpp/turtlesim/msg/detail/dds_fastrtps/pose__type_support.cpp.o\x1b[0m\n'}
[11.258016] (-) TimerEvent: {}
[11.279531] (turtlesim) StdoutLine: {'line': b'[ 62%] \x1b[32mBuilding CXX object CMakeFiles/turtlesim__rosidl_typesupport_fastrtps_cpp.dir/rosidl_typesupport_fastrtps_cpp/turtlesim/srv/detail/dds_fastrtps/kill__type_support.cpp.o\x1b[0m\n'}
[11.298243] (turtlesim) StdoutLine: {'line': b'[ 63%] \x1b[32m\x1b[1mLinking C shared library libturtlesim__rosidl_typesupport_introspection_c.so\x1b[0m\n'}
[11.316556] (turtlesim) StdoutLine: {'line': b'[ 65%] \x1b[32mBuilding CXX object CMakeFiles/turtlesim__rosidl_typesupport_fastrtps_cpp.dir/rosidl_typesupport_fastrtps_cpp/turtlesim/srv/detail/dds_fastrtps/set_pen__type_support.cpp.o\x1b[0m\n'}
[11.320837] (turtlesim) StdoutLine: {'line': b'[ 65%] \x1b[32mBuilding CXX object CMakeFiles/turtlesim__rosidl_typesupport_fastrtps_cpp.dir/rosidl_typesupport_fastrtps_cpp/turtlesim/srv/detail/dds_fastrtps/spawn__type_support.cpp.o\x1b[0m\n'}
[11.341322] (turtlesim) StdoutLine: {'line': b'[ 66%] \x1b[32mBuilding CXX object CMakeFiles/turtlesim__rosidl_typesupport_fastrtps_cpp.dir/rosidl_typesupport_fastrtps_cpp/turtlesim/srv/detail/dds_fastrtps/teleport_absolute__type_support.cpp.o\x1b[0m\n'}
[11.358298] (-) TimerEvent: {}
[11.399275] (turtlesim) StdoutLine: {'line': b'[ 67%] \x1b[32mBuilding CXX object CMakeFiles/turtlesim__rosidl_typesupport_fastrtps_c.dir/rosidl_typesupport_fastrtps_c/turtlesim/action/detail/rotate_absolute__type_support_c.cpp.o\x1b[0m\n'}
[11.449190] (turtlesim) StdoutLine: {'line': b'[ 67%] \x1b[32mBuilding CXX object CMakeFiles/turtlesim__rosidl_typesupport_fastrtps_cpp.dir/rosidl_typesupport_fastrtps_cpp/turtlesim/srv/detail/dds_fastrtps/teleport_relative__type_support.cpp.o\x1b[0m\n'}
[11.458695] (-) TimerEvent: {}
[11.460201] (turtlesim) StdoutLine: {'line': b'[ 67%] Built target turtlesim__rosidl_typesupport_introspection_c\n'}
[11.494510] (turtlesim) StdoutLine: {'line': b'[ 68%] \x1b[32mBuilding CXX object CMakeFiles/turtlesim__rosidl_typesupport_fastrtps_c.dir/rosidl_typesupport_fastrtps_c/turtlesim/msg/detail/color__type_support_c.cpp.o\x1b[0m\n'}
[11.502162] (turtlesim) StdoutLine: {'line': b'[ 69%] \x1b[32mBuilding CXX object CMakeFiles/turtlesim__rosidl_typesupport_fastrtps_c.dir/rosidl_typesupport_fastrtps_c/turtlesim/msg/detail/pose__type_support_c.cpp.o\x1b[0m\n'}
[11.558774] (-) TimerEvent: {}
[11.664915] (-) TimerEvent: {}
[11.767227] (-) TimerEvent: {}
[11.868133] (-) TimerEvent: {}
[11.970121] (-) TimerEvent: {}
[12.074998] (-) TimerEvent: {}
[12.177620] (-) TimerEvent: {}
[12.231380] (turtlesim) StdoutLine: {'line': b'[ 69%] \x1b[32mBuilding CXX object CMakeFiles/turtlesim__rosidl_typesupport_fastrtps_c.dir/rosidl_typesupport_fastrtps_c/turtlesim/srv/detail/kill__type_support_c.cpp.o\x1b[0m\n'}
[12.277887] (-) TimerEvent: {}
[12.387652] (-) TimerEvent: {}
[12.444459] (turtlesim) StdoutLine: {'line': b'[ 70%] \x1b[32mBuilding CXX object CMakeFiles/turtlesim__rosidl_typesupport_fastrtps_c.dir/rosidl_typesupport_fastrtps_c/turtlesim/srv/detail/set_pen__type_support_c.cpp.o\x1b[0m\n'}
[12.487880] (-) TimerEvent: {}
[12.548742] (turtlesim) StdoutLine: {'line': b'[ 71%] \x1b[32mBuilding CXX object CMakeFiles/turtlesim__rosidl_typesupport_fastrtps_c.dir/rosidl_typesupport_fastrtps_c/turtlesim/srv/detail/spawn__type_support_c.cpp.o\x1b[0m\n'}
[12.553010] (turtlesim) StdoutLine: {'line': b'[ 72%] \x1b[32m\x1b[1mLinking CXX shared library libturtlesim__rosidl_typesupport_cpp.so\x1b[0m\n'}
[12.588070] (-) TimerEvent: {}
[12.688735] (-) TimerEvent: {}
[12.694240] (turtlesim) StdoutLine: {'line': b'[ 72%] \x1b[32m\x1b[1mLinking CXX shared library libturtlesim__rosidl_typesupport_introspection_cpp.so\x1b[0m\n'}
[12.789032] (-) TimerEvent: {}
[12.894419] (-) TimerEvent: {}
[12.995150] (-) TimerEvent: {}
[13.064004] (turtlesim) StdoutLine: {'line': b'[ 72%] Built target turtlesim__rosidl_typesupport_cpp\n'}
[13.097288] (-) TimerEvent: {}
[13.137144] (turtlesim) StdoutLine: {'line': b'[ 73%] \x1b[34m\x1b[1mGenerating include/turtlesim/moc_turtle_frame.cpp\x1b[0m\n'}
[13.197505] (-) TimerEvent: {}
[13.298468] (-) TimerEvent: {}
[13.400331] (-) TimerEvent: {}
[13.501429] (-) TimerEvent: {}
[13.598003] (turtlesim) StdoutLine: {'line': b'[ 73%] Built target turtlesim__rosidl_typesupport_introspection_cpp\n'}
[13.602228] (-) TimerEvent: {}
[13.665223] (turtlesim) StdoutLine: {'line': b'[ 74%] \x1b[32mBuilding CXX object CMakeFiles/turtle_teleop_key.dir/tutorials/teleop_turtle_key.cpp.o\x1b[0m\n'}
[13.693195] (turtlesim) StdoutLine: {'line': b'[ 75%] \x1b[32mBuilding CXX object CMakeFiles/mimic.dir/tutorials/mimic.cpp.o\x1b[0m\n'}
[13.702529] (-) TimerEvent: {}
[13.706199] (turtlesim) StdoutLine: {'line': b'[ 75%] \x1b[32mBuilding CXX object CMakeFiles/draw_square.dir/tutorials/draw_square.cpp.o\x1b[0m\n'}
[13.753887] (turtlesim) StdoutLine: {'line': b'[ 76%] \x1b[32mBuilding CXX object CMakeFiles/turtlesim_node.dir/src/turtlesim.cpp.o\x1b[0m\n'}
[13.802844] (-) TimerEvent: {}
[13.882445] (turtlesim) StdoutLine: {'line': b'[ 77%] \x1b[32mBuilding CXX object CMakeFiles/turtlesim__rosidl_typesupport_fastrtps_c.dir/rosidl_typesupport_fastrtps_c/turtlesim/srv/detail/teleport_absolute__type_support_c.cpp.o\x1b[0m\n'}
[13.905478] (-) TimerEvent: {}
[14.005132] (turtlesim) StdoutLine: {'line': b'[ 78%] \x1b[32mBuilding CXX object CMakeFiles/turtlesim__rosidl_typesupport_fastrtps_c.dir/rosidl_typesupport_fastrtps_c/turtlesim/srv/detail/teleport_relative__type_support_c.cpp.o\x1b[0m\n'}
[14.006217] (-) TimerEvent: {}
[14.006602] (turtlesim) StdoutLine: {'line': b'[ 79%] \x1b[32mBuilding CXX object CMakeFiles/turtlesim_node.dir/src/turtle.cpp.o\x1b[0m\n'}
[14.065755] (turtlesim) StdoutLine: {'line': b'[ 80%] \x1b[32mBuilding CXX object CMakeFiles/turtlesim_node.dir/src/turtle_frame.cpp.o\x1b[0m\n'}
[14.107182] (-) TimerEvent: {}
[14.158063] (turtlesim) StdoutLine: {'line': b'[ 81%] \x1b[32mBuilding CXX object CMakeFiles/turtlesim_node.dir/include/turtlesim/moc_turtle_frame.cpp.o\x1b[0m\n'}
[14.209065] (-) TimerEvent: {}
[14.311430] (-) TimerEvent: {}
[14.411944] (-) TimerEvent: {}
[14.512517] (-) TimerEvent: {}
[14.615428] (-) TimerEvent: {}
[14.716094] (-) TimerEvent: {}
[14.816868] (-) TimerEvent: {}
[14.917754] (-) TimerEvent: {}
[15.018388] (-) TimerEvent: {}
[15.119119] (-) TimerEvent: {}
[15.219860] (-) TimerEvent: {}
[15.267632] (turtlesim) StdoutLine: {'line': b'[ 82%] \x1b[32m\x1b[1mLinking CXX shared library libturtlesim__rosidl_typesupport_fastrtps_cpp.so\x1b[0m\n'}
[15.320115] (-) TimerEvent: {}
[15.420809] (-) TimerEvent: {}
[15.449798] (turtlesim) StdoutLine: {'line': b'[ 83%] \x1b[32m\x1b[1mLinking CXX shared library libturtlesim__rosidl_typesupport_fastrtps_c.so\x1b[0m\n'}
[15.521047] (-) TimerEvent: {}
[15.570833] (turtlesim) StdoutLine: {'line': b'[ 83%] Built target turtlesim__rosidl_typesupport_fastrtps_cpp\n'}
[15.621321] (-) TimerEvent: {}
[15.699330] (turtlesim) StdoutLine: {'line': b'[ 83%] Built target turtlesim__rosidl_typesupport_fastrtps_c\n'}
[15.721548] (-) TimerEvent: {}
[15.761819] (turtlesim) StdoutLine: {'line': b'[ 83%] Built target turtlesim\n'}
[15.821841] (-) TimerEvent: {}
[15.826831] (turtlesim) StdoutLine: {'line': b'[ 84%] \x1b[34m\x1b[1mGenerating Python code for ROS interfaces\x1b[0m\n'}
[15.922056] (-) TimerEvent: {}
[16.022644] (-) TimerEvent: {}
[16.123209] (-) TimerEvent: {}
[16.223884] (-) TimerEvent: {}
[16.324714] (-) TimerEvent: {}
[16.425601] (-) TimerEvent: {}
[16.526438] (-) TimerEvent: {}
[16.627352] (-) TimerEvent: {}
[16.728250] (-) TimerEvent: {}
[16.830060] (-) TimerEvent: {}
[16.930745] (-) TimerEvent: {}
[17.031446] (-) TimerEvent: {}
[17.132264] (-) TimerEvent: {}
[17.232932] (-) TimerEvent: {}
[17.333640] (-) TimerEvent: {}
[17.434269] (-) TimerEvent: {}
[17.534981] (-) TimerEvent: {}
[17.635718] (-) TimerEvent: {}
[17.736406] (-) TimerEvent: {}
[17.837253] (-) TimerEvent: {}
[17.938531] (-) TimerEvent: {}
[18.039575] (-) TimerEvent: {}
[18.140326] (-) TimerEvent: {}
[18.240980] (-) TimerEvent: {}
[18.341719] (-) TimerEvent: {}
[18.442339] (-) TimerEvent: {}
[18.542967] (-) TimerEvent: {}
[18.643594] (-) TimerEvent: {}
[18.744257] (-) TimerEvent: {}
[18.844861] (-) TimerEvent: {}
[18.945537] (-) TimerEvent: {}
[19.046304] (-) TimerEvent: {}
[19.146968] (-) TimerEvent: {}
[19.247705] (-) TimerEvent: {}
[19.348307] (-) TimerEvent: {}
[19.448987] (-) TimerEvent: {}
[19.549645] (-) TimerEvent: {}
[19.650329] (-) TimerEvent: {}
[19.751104] (-) TimerEvent: {}
[19.851822] (-) TimerEvent: {}
[19.952500] (-) TimerEvent: {}
[20.053222] (-) TimerEvent: {}
[20.153947] (-) TimerEvent: {}
[20.255287] (-) TimerEvent: {}
[20.357102] (-) TimerEvent: {}
[20.457051] (turtlesim) StdoutLine: {'line': b'[ 84%] Built target turtlesim__py\n'}
[20.457688] (-) TimerEvent: {}
[20.558368] (-) TimerEvent: {}
[20.565542] (turtlesim) StdoutLine: {'line': b'[ 85%] \x1b[32mBuilding C object CMakeFiles/turtlesim__rosidl_generator_py.dir/rosidl_generator_py/turtlesim/srv/_kill_s.c.o\x1b[0m\n'}
[20.569847] (turtlesim) StdoutLine: {'line': b'[ 86%] \x1b[32mBuilding C object CMakeFiles/turtlesim__rosidl_generator_py.dir/rosidl_generator_py/turtlesim/msg/_pose_s.c.o\x1b[0m\n'}
[20.573324] (turtlesim) StdoutLine: {'line': b'[ 87%] \x1b[32mBuilding C object CMakeFiles/turtlesim__rosidl_generator_py.dir/rosidl_generator_py/turtlesim/msg/_color_s.c.o\x1b[0m\n'}
[20.574196] (turtlesim) StdoutLine: {'line': b'[ 87%] \x1b[32mBuilding C object CMakeFiles/turtlesim__rosidl_generator_py.dir/rosidl_generator_py/turtlesim/srv/_teleport_relative_s.c.o\x1b[0m\n'}
[20.575301] (turtlesim) StdoutLine: {'line': b'[ 87%] \x1b[32mBuilding C object CMakeFiles/turtlesim__rosidl_generator_py.dir/rosidl_generator_py/turtlesim/action/_rotate_absolute_s.c.o\x1b[0m\n'}
[20.579600] (turtlesim) StdoutLine: {'line': b'[ 88%] \x1b[32mBuilding C object CMakeFiles/turtlesim__rosidl_generator_py.dir/rosidl_generator_py/turtlesim/srv/_spawn_s.c.o\x1b[0m\n'}
[20.580812] (turtlesim) StdoutLine: {'line': b'[ 89%] \x1b[32mBuilding C object CMakeFiles/turtlesim__rosidl_generator_py.dir/rosidl_generator_py/turtlesim/srv/_teleport_absolute_s.c.o\x1b[0m\n'}
[20.586476] (turtlesim) StdoutLine: {'line': b'[ 90%] \x1b[32mBuilding C object CMakeFiles/turtlesim__rosidl_generator_py.dir/rosidl_generator_py/turtlesim/srv/_set_pen_s.c.o\x1b[0m\n'}
[20.660854] (-) TimerEvent: {}
[20.761473] (-) TimerEvent: {}
[20.862191] (-) TimerEvent: {}
[20.964898] (-) TimerEvent: {}
[21.067925] (-) TimerEvent: {}
[21.173297] (-) TimerEvent: {}
[21.274858] (-) TimerEvent: {}
[21.375647] (-) TimerEvent: {}
[21.476596] (-) TimerEvent: {}
[21.577576] (-) TimerEvent: {}
[21.678264] (-) TimerEvent: {}
[21.779165] (-) TimerEvent: {}
[21.879973] (-) TimerEvent: {}
[21.944368] (turtlesim) StdoutLine: {'line': b'[ 91%] \x1b[32m\x1b[1mLinking C shared library libturtlesim__rosidl_generator_py.so\x1b[0m\n'}
[21.980618] (-) TimerEvent: {}
[22.081343] (-) TimerEvent: {}
[22.182201] (-) TimerEvent: {}
[22.235613] (turtlesim) StdoutLine: {'line': b'[ 91%] Built target turtlesim__rosidl_generator_py\n'}
[22.282430] (-) TimerEvent: {}
[22.359378] (turtlesim) StdoutLine: {'line': b'[ 92%] \x1b[32mBuilding C object CMakeFiles/turtlesim_s__rosidl_typesupport_introspection_c.dir/rosidl_generator_py/turtlesim/_turtlesim_s.ep.rosidl_typesupport_introspection_c.c.o\x1b[0m\n'}
[22.360203] (turtlesim) StdoutLine: {'line': b'[ 93%] \x1b[32mBuilding C object CMakeFiles/turtlesim_s__rosidl_typesupport_c.dir/rosidl_generator_py/turtlesim/_turtlesim_s.ep.rosidl_typesupport_c.c.o\x1b[0m\n'}
[22.383098] (-) TimerEvent: {}
[22.389782] (turtlesim) StdoutLine: {'line': b'[ 94%] \x1b[32mBuilding C object CMakeFiles/turtlesim_s__rosidl_typesupport_fastrtps_c.dir/rosidl_generator_py/turtlesim/_turtlesim_s.ep.rosidl_typesupport_fastrtps_c.c.o\x1b[0m\n'}
[22.483293] (-) TimerEvent: {}
[22.586358] (-) TimerEvent: {}
[22.691798] (-) TimerEvent: {}
[22.802292] (-) TimerEvent: {}
[22.903987] (-) TimerEvent: {}
[23.004764] (-) TimerEvent: {}
[23.105572] (-) TimerEvent: {}
[23.209508] (-) TimerEvent: {}
[23.319451] (-) TimerEvent: {}
[23.420238] (-) TimerEvent: {}
[23.520908] (-) TimerEvent: {}
[23.577829] (turtlesim) StdoutLine: {'line': b'[ 95%] \x1b[32m\x1b[1mLinking C shared module rosidl_generator_py/turtlesim/turtlesim_s__rosidl_typesupport_c.so\x1b[0m\n'}
[23.621232] (-) TimerEvent: {}
[23.629692] (turtlesim) StdoutLine: {'line': b'[ 96%] \x1b[32m\x1b[1mLinking C shared module rosidl_generator_py/turtlesim/turtlesim_s__rosidl_typesupport_introspection_c.so\x1b[0m\n'}
[23.691436] (turtlesim) StdoutLine: {'line': b'[ 96%] Built target turtlesim_s__rosidl_typesupport_c\n'}
[23.721546] (-) TimerEvent: {}
[23.779563] (turtlesim) StdoutLine: {'line': b'[ 97%] \x1b[32m\x1b[1mLinking C shared module rosidl_generator_py/turtlesim/turtlesim_s__rosidl_typesupport_fastrtps_c.so\x1b[0m\n'}
[23.782585] (turtlesim) StdoutLine: {'line': b'[ 97%] Built target turtlesim_s__rosidl_typesupport_introspection_c\n'}
[23.821781] (-) TimerEvent: {}
[23.922574] (-) TimerEvent: {}
[23.923475] (turtlesim) StdoutLine: {'line': b'[ 97%] Built target turtlesim_s__rosidl_typesupport_fastrtps_c\n'}
[24.022811] (-) TimerEvent: {}
[24.123417] (-) TimerEvent: {}
[24.224063] (-) TimerEvent: {}
[24.324763] (-) TimerEvent: {}
[24.425477] (-) TimerEvent: {}
[24.526217] (-) TimerEvent: {}
[24.626941] (-) TimerEvent: {}
[24.727756] (-) TimerEvent: {}
[24.828552] (-) TimerEvent: {}
[24.929324] (-) TimerEvent: {}
[25.030035] (-) TimerEvent: {}
[25.130704] (-) TimerEvent: {}
[25.231462] (-) TimerEvent: {}
[25.331987] (-) TimerEvent: {}
[25.432653] (-) TimerEvent: {}
[25.533249] (-) TimerEvent: {}
[25.633971] (-) TimerEvent: {}
[25.734673] (-) TimerEvent: {}
[25.835188] (-) TimerEvent: {}
[25.935937] (-) TimerEvent: {}
[26.036634] (-) TimerEvent: {}
[26.137291] (-) TimerEvent: {}
[26.237982] (-) TimerEvent: {}
[26.338683] (-) TimerEvent: {}
[26.439445] (-) TimerEvent: {}
[26.540176] (-) TimerEvent: {}
[26.640904] (-) TimerEvent: {}
[26.741905] (-) TimerEvent: {}
[26.842718] (-) TimerEvent: {}
[26.943637] (-) TimerEvent: {}
[27.044389] (-) TimerEvent: {}
[27.145205] (-) TimerEvent: {}
[27.246705] (-) TimerEvent: {}
[27.347623] (-) TimerEvent: {}
[27.448396] (-) TimerEvent: {}
[27.549145] (-) TimerEvent: {}
[27.649704] (-) TimerEvent: {}
[27.750658] (-) TimerEvent: {}
[27.851211] (-) TimerEvent: {}
[27.952016] (-) TimerEvent: {}
[28.052925] (-) TimerEvent: {}
[28.153845] (-) TimerEvent: {}
[28.254618] (-) TimerEvent: {}
[28.355301] (-) TimerEvent: {}
[28.456055] (-) TimerEvent: {}
[28.556778] (-) TimerEvent: {}
[28.657660] (-) TimerEvent: {}
[28.758259] (-) TimerEvent: {}
[28.859180] (-) TimerEvent: {}
[28.959879] (-) TimerEvent: {}
[29.060814] (-) TimerEvent: {}
[29.161635] (-) TimerEvent: {}
[29.262459] (-) TimerEvent: {}
[29.363851] (-) TimerEvent: {}
[29.464590] (-) TimerEvent: {}
[29.565388] (-) TimerEvent: {}
[29.666192] (-) TimerEvent: {}
[29.775403] (-) TimerEvent: {}
[29.876203] (-) TimerEvent: {}
[29.977357] (-) TimerEvent: {}
[30.144469] (-) TimerEvent: {}
[30.246354] (-) TimerEvent: {}
[30.347646] (-) TimerEvent: {}
[30.448243] (-) TimerEvent: {}
[30.548937] (-) TimerEvent: {}
[30.649827] (-) TimerEvent: {}
[30.750533] (-) TimerEvent: {}
[30.851396] (-) TimerEvent: {}
[30.952089] (-) TimerEvent: {}
[31.053424] (-) TimerEvent: {}
[31.154181] (-) TimerEvent: {}
[31.254797] (-) TimerEvent: {}
[31.355524] (-) TimerEvent: {}
[31.456168] (-) TimerEvent: {}
[31.556934] (-) TimerEvent: {}
[31.657729] (-) TimerEvent: {}
[31.758326] (-) TimerEvent: {}
[31.859145] (-) TimerEvent: {}
[31.959967] (-) TimerEvent: {}
[32.060716] (-) TimerEvent: {}
[32.161420] (-) TimerEvent: {}
[32.262134] (-) TimerEvent: {}
[32.362931] (-) TimerEvent: {}
[32.463862] (-) TimerEvent: {}
[32.564580] (-) TimerEvent: {}
[32.665212] (-) TimerEvent: {}
[32.765765] (-) TimerEvent: {}
[32.866406] (-) TimerEvent: {}
[32.967207] (-) TimerEvent: {}
[33.067936] (-) TimerEvent: {}
[33.168850] (-) TimerEvent: {}
[33.269569] (-) TimerEvent: {}
[33.370303] (-) TimerEvent: {}
[33.470972] (-) TimerEvent: {}
[33.571661] (-) TimerEvent: {}
[33.672416] (-) TimerEvent: {}
[33.773090] (-) TimerEvent: {}
[33.873813] (-) TimerEvent: {}
[33.974573] (-) TimerEvent: {}
[34.075303] (-) TimerEvent: {}
[34.176006] (-) TimerEvent: {}
[34.276730] (-) TimerEvent: {}
[34.377337] (-) TimerEvent: {}
[34.477982] (-) TimerEvent: {}
[34.578580] (-) TimerEvent: {}
[34.679432] (-) TimerEvent: {}
[34.780047] (-) TimerEvent: {}
[34.880610] (-) TimerEvent: {}
[34.981275] (-) TimerEvent: {}
[35.081915] (-) TimerEvent: {}
[35.182552] (-) TimerEvent: {}
[35.283165] (-) TimerEvent: {}
[35.383840] (-) TimerEvent: {}
[35.484571] (-) TimerEvent: {}
[35.588245] (-) TimerEvent: {}
[35.689028] (-) TimerEvent: {}
[35.789730] (-) TimerEvent: {}
[35.890364] (-) TimerEvent: {}
[35.990973] (-) TimerEvent: {}
[36.091780] (-) TimerEvent: {}
[36.192408] (-) TimerEvent: {}
[36.293121] (-) TimerEvent: {}
[36.393958] (-) TimerEvent: {}
[36.494843] (-) TimerEvent: {}
[36.595676] (-) TimerEvent: {}
[36.696397] (-) TimerEvent: {}
[36.798227] (-) TimerEvent: {}
[36.898977] (-) TimerEvent: {}
[36.999746] (-) TimerEvent: {}
[37.100501] (-) TimerEvent: {}
[37.201277] (-) TimerEvent: {}
[37.302029] (-) TimerEvent: {}
[37.402698] (-) TimerEvent: {}
[37.503445] (-) TimerEvent: {}
[37.604230] (-) TimerEvent: {}
[37.704918] (-) TimerEvent: {}
[37.805584] (-) TimerEvent: {}
[37.906187] (-) TimerEvent: {}
[38.006898] (-) TimerEvent: {}
[38.107472] (-) TimerEvent: {}
[38.208019] (-) TimerEvent: {}
[38.308659] (-) TimerEvent: {}
[38.409336] (-) TimerEvent: {}
[38.510064] (-) TimerEvent: {}
[38.610656] (-) TimerEvent: {}
[38.711260] (-) TimerEvent: {}
[38.811901] (-) TimerEvent: {}
[38.912558] (-) TimerEvent: {}
[39.013238] (-) TimerEvent: {}
[39.113844] (-) TimerEvent: {}
[39.214529] (-) TimerEvent: {}
[39.315222] (-) TimerEvent: {}
[39.415773] (-) TimerEvent: {}
[39.500909] (turtlesim) StdoutLine: {'line': b'[ 98%] \x1b[32m\x1b[1mLinking CXX executable turtle_teleop_key\x1b[0m\n'}
[39.515976] (-) TimerEvent: {}
[39.616619] (-) TimerEvent: {}
[39.717245] (-) TimerEvent: {}
[39.818305] (-) TimerEvent: {}
[39.919160] (-) TimerEvent: {}
[40.019943] (-) TimerEvent: {}
[40.120564] (-) TimerEvent: {}
[40.221226] (-) TimerEvent: {}
[40.321900] (-) TimerEvent: {}
[40.366179] (turtlesim) StdoutLine: {'line': b'[ 98%] Built target turtle_teleop_key\n'}
[40.422072] (-) TimerEvent: {}
[40.522598] (-) TimerEvent: {}
[40.623153] (-) TimerEvent: {}
[40.723629] (-) TimerEvent: {}
[40.824075] (-) TimerEvent: {}
[40.924637] (-) TimerEvent: {}
[41.025234] (-) TimerEvent: {}
[41.125918] (-) TimerEvent: {}
[41.226468] (-) TimerEvent: {}
[41.327113] (-) TimerEvent: {}
[41.427647] (-) TimerEvent: {}
[41.528218] (-) TimerEvent: {}
[41.628788] (-) TimerEvent: {}
[41.729344] (-) TimerEvent: {}
[41.829866] (-) TimerEvent: {}
[41.930421] (-) TimerEvent: {}
[42.031024] (-) TimerEvent: {}
[42.131810] (-) TimerEvent: {}
[42.232570] (-) TimerEvent: {}
[42.333544] (-) TimerEvent: {}
[42.437340] (-) TimerEvent: {}
[42.538001] (-) TimerEvent: {}
[42.638691] (-) TimerEvent: {}
[42.739257] (-) TimerEvent: {}
[42.839750] (-) TimerEvent: {}
[42.940325] (-) TimerEvent: {}
[43.040871] (-) TimerEvent: {}
[43.141478] (-) TimerEvent: {}
[43.242170] (-) TimerEvent: {}
[43.342857] (-) TimerEvent: {}
[43.443380] (-) TimerEvent: {}
[43.445741] (turtlesim) StdoutLine: {'line': b'[ 99%] \x1b[32m\x1b[1mLinking CXX executable mimic\x1b[0m\n'}
[43.543563] (-) TimerEvent: {}
[43.644071] (-) TimerEvent: {}
[43.744693] (-) TimerEvent: {}
[43.845288] (-) TimerEvent: {}
[43.945854] (-) TimerEvent: {}
[44.046436] (-) TimerEvent: {}
[44.059354] (turtlesim) StdoutLine: {'line': b'[ 99%] Built target mimic\n'}
[44.146589] (-) TimerEvent: {}
[44.247249] (-) TimerEvent: {}
[44.347777] (-) TimerEvent: {}
[44.448309] (-) TimerEvent: {}
[44.548979] (-) TimerEvent: {}
[44.649777] (-) TimerEvent: {}
[44.706473] (turtlesim) StdoutLine: {'line': b'[100%] \x1b[32m\x1b[1mLinking CXX executable draw_square\x1b[0m\n'}
[44.750031] (-) TimerEvent: {}
[44.850722] (-) TimerEvent: {}
[44.951493] (-) TimerEvent: {}
[45.052012] (-) TimerEvent: {}
[45.152489] (-) TimerEvent: {}
[45.252951] (-) TimerEvent: {}
[45.353627] (-) TimerEvent: {}
[45.426027] (turtlesim) StdoutLine: {'line': b'[100%] Built target draw_square\n'}
[45.453901] (-) TimerEvent: {}
[45.554554] (-) TimerEvent: {}
[45.655080] (-) TimerEvent: {}
[45.755526] (-) TimerEvent: {}
[45.856087] (-) TimerEvent: {}
[45.956555] (-) TimerEvent: {}
[46.057029] (-) TimerEvent: {}
[46.157568] (-) TimerEvent: {}
[46.258126] (-) TimerEvent: {}
[46.358620] (-) TimerEvent: {}
[46.459188] (-) TimerEvent: {}
[46.559611] (-) TimerEvent: {}
[46.660018] (-) TimerEvent: {}
[46.760487] (-) TimerEvent: {}
[46.861007] (-) TimerEvent: {}
[46.961768] (-) TimerEvent: {}
[47.062241] (-) TimerEvent: {}
[47.162768] (-) TimerEvent: {}
[47.263209] (-) TimerEvent: {}
[47.363660] (-) TimerEvent: {}
[47.464122] (-) TimerEvent: {}
[47.564560] (-) TimerEvent: {}
[47.665093] (-) TimerEvent: {}
[47.765652] (-) TimerEvent: {}
[47.866075] (-) TimerEvent: {}
[47.966575] (-) TimerEvent: {}
[48.067419] (-) TimerEvent: {}
[48.167990] (-) TimerEvent: {}
[48.268411] (-) TimerEvent: {}
[48.368970] (-) TimerEvent: {}
[48.469650] (-) TimerEvent: {}
[48.570230] (-) TimerEvent: {}
[48.670772] (-) TimerEvent: {}
[48.771294] (-) TimerEvent: {}
[48.871710] (-) TimerEvent: {}
[48.972156] (-) TimerEvent: {}
[49.072644] (-) TimerEvent: {}
[49.173149] (-) TimerEvent: {}
[49.273704] (-) TimerEvent: {}
[49.374228] (-) TimerEvent: {}
[49.474822] (-) TimerEvent: {}
[49.575294] (-) TimerEvent: {}
[49.675710] (-) TimerEvent: {}
[49.776191] (-) TimerEvent: {}
[49.876677] (-) TimerEvent: {}
[49.940705] (turtlesim) StdoutLine: {'line': b'[100%] \x1b[32m\x1b[1mLinking CXX executable turtlesim_node\x1b[0m\n'}
[49.976930] (-) TimerEvent: {}
[50.077462] (-) TimerEvent: {}
[50.178286] (-) TimerEvent: {}
[50.279214] (-) TimerEvent: {}
[50.379790] (-) TimerEvent: {}
[50.480418] (-) TimerEvent: {}
[50.581043] (-) TimerEvent: {}
[50.681657] (-) TimerEvent: {}
[50.782246] (-) TimerEvent: {}
[50.882870] (-) TimerEvent: {}
[50.983589] (-) TimerEvent: {}
[51.084147] (-) TimerEvent: {}
[51.184731] (-) TimerEvent: {}
[51.285285] (-) TimerEvent: {}
[51.385869] (-) TimerEvent: {}
[51.486306] (-) TimerEvent: {}
[51.586748] (-) TimerEvent: {}
[51.687284] (-) TimerEvent: {}
[51.787797] (-) TimerEvent: {}
[51.888373] (-) TimerEvent: {}
[51.988975] (-) TimerEvent: {}
[52.089514] (-) TimerEvent: {}
[52.190180] (-) TimerEvent: {}
[52.290923] (-) TimerEvent: {}
[52.391618] (-) TimerEvent: {}
[52.492243] (-) TimerEvent: {}
[52.592932] (-) TimerEvent: {}
[52.693603] (-) TimerEvent: {}
[52.794292] (-) TimerEvent: {}
[52.894791] (-) TimerEvent: {}
[52.995281] (-) TimerEvent: {}
[53.095713] (-) TimerEvent: {}
[53.196201] (-) TimerEvent: {}
[53.296633] (-) TimerEvent: {}
[53.367788] (turtlesim) StdoutLine: {'line': b'[100%] Built target turtlesim_node\n'}
[53.393513] (turtlesim) CommandEnded: {'returncode': 0}
[53.396014] (turtlesim) JobProgress: {'identifier': 'turtlesim', 'progress': 'install'}
[53.396750] (-) TimerEvent: {}
[53.411067] (turtlesim) Command: {'cmd': ['/usr/bin/cmake', '--install', '/Minimalbeispiel_Codesys_ROS2/ros2_ws/build/turtlesim'], 'cwd': '/Minimalbeispiel_Codesys_ROS2/ros2_ws/build/turtlesim', 'env': OrderedDict({'HOSTNAME': '288febc621fc', 'SHLVL': '1', 'LD_LIBRARY_PATH': '/Minimalbeispiel_Codesys_ROS2/ros2_ws/install/turtlesim/lib:/opt/ros/jazzy/opt/rviz_ogre_vendor/lib:/opt/ros/jazzy/lib/x86_64-linux-gnu:/opt/ros/jazzy/opt/gz_math_vendor/lib:/opt/ros/jazzy/opt/gz_utils_vendor/lib:/opt/ros/jazzy/opt/gz_cmake_vendor/lib:/opt/ros/jazzy/lib', 'HOME': '/root', 'OLDPWD': '/Minimalbeispiel_Codesys_ROS2/ros2_ws/src', 'ROS_PYTHON_VERSION': '3', 'COLCON_PREFIX_PATH': '/Minimalbeispiel_Codesys_ROS2/ros2_ws/install', 'ROS_DISTRO': 'jazzy', '_': '/usr/bin/colcon', 'ROS_VERSION': '2', 'TERM': 'xterm', 'PATH': '/opt/ros/jazzy/bin:/usr/local/sbin:/usr/local/bin:/usr/sbin:/usr/bin:/sbin:/bin', 'DISPLAY': ':0', 'LANG': 'C.UTF-8', 'LS_COLORS': 'rs=0:di=01;34:ln=01;36:mh=00:pi=40;33:so=01;35:do=01;35:bd=40;33;01:cd=40;33;01:or=40;31;01:mi=00:su=37;41:sg=30;43:ca=00:tw=30;42:ow=34;42:st=37;44:ex=01;32:*.tar=01;31:*.tgz=01;31:*.arc=01;31:*.arj=01;31:*.taz=01;31:*.lha=01;31:*.lz4=01;31:*.lzh=01;31:*.lzma=01;31:*.tlz=01;31:*.txz=01;31:*.tzo=01;31:*.t7z=01;31:*.zip=01;31:*.z=01;31:*.dz=01;31:*.gz=01;31:*.lrz=01;31:*.lz=01;31:*.lzo=01;31:*.xz=01;31:*.zst=01;31:*.tzst=01;31:*.bz2=01;31:*.bz=01;31:*.tbz=01;31:*.tbz2=01;31:*.tz=01;31:*.deb=01;31:*.rpm=01;31:*.jar=01;31:*.war=01;31:*.ear=01;31:*.sar=01;31:*.rar=01;31:*.alz=01;31:*.ace=01;31:*.zoo=01;31:*.cpio=01;31:*.7z=01;31:*.rz=01;31:*.cab=01;31:*.wim=01;31:*.swm=01;31:*.dwm=01;31:*.esd=01;31:*.avif=01;35:*.jpg=01;35:*.jpeg=01;35:*.mjpg=01;35:*.mjpeg=01;35:*.gif=01;35:*.bmp=01;35:*.pbm=01;35:*.pgm=01;35:*.ppm=01;35:*.tga=01;35:*.xbm=01;35:*.xpm=01;35:*.tif=01;35:*.tiff=01;35:*.png=01;35:*.svg=01;35:*.svgz=01;35:*.mng=01;35:*.pcx=01;35:*.mov=01;35:*.mpg=01;35:*.mpeg=01;35:*.m2v=01;35:*.mkv=01;35:*.webm=01;35:*.webp=01;35:*.ogm=01;35:*.mp4=01;35:*.m4v=01;35:*.mp4v=01;35:*.vob=01;35:*.qt=01;35:*.nuv=01;35:*.wmv=01;35:*.asf=01;35:*.rm=01;35:*.rmvb=01;35:*.flc=01;35:*.avi=01;35:*.fli=01;35:*.flv=01;35:*.gl=01;35:*.dl=01;35:*.xcf=01;35:*.xwd=01;35:*.yuv=01;35:*.cgm=01;35:*.emf=01;35:*.ogv=01;35:*.ogx=01;35:*.aac=00;36:*.au=00;36:*.flac=00;36:*.m4a=00;36:*.mid=00;36:*.midi=00;36:*.mka=00;36:*.mp3=00;36:*.mpc=00;36:*.ogg=00;36:*.ra=00;36:*.wav=00;36:*.oga=00;36:*.opus=00;36:*.spx=00;36:*.xspf=00;36:*~=00;90:*#=00;90:*.bak=00;90:*.crdownload=00;90:*.dpkg-dist=00;90:*.dpkg-new=00;90:*.dpkg-old=00;90:*.dpkg-tmp=00;90:*.old=00;90:*.orig=00;90:*.part=00;90:*.rej=00;90:*.rpmnew=00;90:*.rpmorig=00;90:*.rpmsave=00;90:*.swp=00;90:*.tmp=00;90:*.ucf-dist=00;90:*.ucf-new=00;90:*.ucf-old=00;90:', 'AMENT_PREFIX_PATH': '/Minimalbeispiel_Codesys_ROS2/ros2_ws/install/turtlesim:/Minimalbeispiel_Codesys_ROS2/ros2_ws/install/minimalbeispiel_pkg:/opt/ros/jazzy', 'ROS_AUTOMATIC_DISCOVERY_RANGE': 'SUBNET', 'PWD': '/Minimalbeispiel_Codesys_ROS2/ros2_ws/build/turtlesim', 'LC_ALL': 'C.UTF-8', 'PYTHONPATH': '/Minimalbeispiel_Codesys_ROS2/ros2_ws/install/turtlesim/lib/python3.12/site-packages:/Minimalbeispiel_Codesys_ROS2/ros2_ws/build/minimalbeispiel_pkg:/Minimalbeispiel_Codesys_ROS2/ros2_ws/install/minimalbeispiel_pkg/lib/python3.12/site-packages:/opt/ros/jazzy/lib/python3.12/site-packages', 'COLCON': '1', 'CMAKE_PREFIX_PATH': '/Minimalbeispiel_Codesys_ROS2/ros2_ws/install/turtlesim:/opt/ros/jazzy/opt/gz_math_vendor:/opt/ros/jazzy/opt/gz_utils_vendor:/opt/ros/jazzy/opt/gz_cmake_vendor:/Minimalbeispiel_Codesys_ROS2/ros2_ws/install/minimalbeispiel_pkg:/opt/ros/jazzy'}), 'shell': False}
[53.424538] (turtlesim) StdoutLine: {'line': b'-- Install configuration: ""\n'}
[53.427608] (turtlesim) StdoutLine: {'line': b'-- Installing: /Minimalbeispiel_Codesys_ROS2/ros2_ws/install/turtlesim/share/ament_index/resource_index/rosidl_interfaces/turtlesim\n'}
[53.429250] (turtlesim) StdoutLine: {'line': b'-- Installing: /Minimalbeispiel_Codesys_ROS2/ros2_ws/install/turtlesim/share/turtlesim/action/RotateAbsolute.json\n'}
[53.430023] (turtlesim) StdoutLine: {'line': b'-- Installing: /Minimalbeispiel_Codesys_ROS2/ros2_ws/install/turtlesim/share/turtlesim/msg/Color.json\n'}
[53.430272] (turtlesim) StdoutLine: {'line': b'-- Installing: /Minimalbeispiel_Codesys_ROS2/ros2_ws/install/turtlesim/share/turtlesim/msg/Pose.json\n'}
[53.431007] (turtlesim) StdoutLine: {'line': b'-- Installing: /Minimalbeispiel_Codesys_ROS2/ros2_ws/install/turtlesim/share/turtlesim/srv/Kill.json\n'}
[53.431367] (turtlesim) StdoutLine: {'line': b'-- Installing: /Minimalbeispiel_Codesys_ROS2/ros2_ws/install/turtlesim/share/turtlesim/srv/SetPen.json\n'}
[53.431651] (turtlesim) StdoutLine: {'line': b'-- Installing: /Minimalbeispiel_Codesys_ROS2/ros2_ws/install/turtlesim/share/turtlesim/srv/Spawn.json\n'}
[53.431956] (turtlesim) StdoutLine: {'line': b'-- Installing: /Minimalbeispiel_Codesys_ROS2/ros2_ws/install/turtlesim/share/turtlesim/srv/TeleportAbsolute.json\n'}
[53.432248] (turtlesim) StdoutLine: {'line': b'-- Installing: /Minimalbeispiel_Codesys_ROS2/ros2_ws/install/turtlesim/share/turtlesim/srv/TeleportRelative.json\n'}
[53.432538] (turtlesim) StdoutLine: {'line': b'-- Installing: /Minimalbeispiel_Codesys_ROS2/ros2_ws/install/turtlesim/include/turtlesim/turtlesim\n'}
[53.434337] (turtlesim) StdoutLine: {'line': b'-- Installing: /Minimalbeispiel_Codesys_ROS2/ros2_ws/install/turtlesim/include/turtlesim/turtlesim/srv\n'}
[53.435404] (turtlesim) StdoutLine: {'line': b'-- Installing: /Minimalbeispiel_Codesys_ROS2/ros2_ws/install/turtlesim/include/turtlesim/turtlesim/srv/teleport_absolute.h\n'}
[53.435689] (turtlesim) StdoutLine: {'line': b'-- Installing: /Minimalbeispiel_Codesys_ROS2/ros2_ws/install/turtlesim/include/turtlesim/turtlesim/srv/spawn.h\n'}
[53.435939] (turtlesim) StdoutLine: {'line': b'-- Installing: /Minimalbeispiel_Codesys_ROS2/ros2_ws/install/turtlesim/include/turtlesim/turtlesim/srv/teleport_relative.h\n'}
[53.436210] (turtlesim) StdoutLine: {'line': b'-- Installing: /Minimalbeispiel_Codesys_ROS2/ros2_ws/install/turtlesim/include/turtlesim/turtlesim/srv/kill.h\n'}
[53.436464] (turtlesim) StdoutLine: {'line': b'-- Installing: /Minimalbeispiel_Codesys_ROS2/ros2_ws/install/turtlesim/include/turtlesim/turtlesim/srv/set_pen.h\n'}
[53.436780] (turtlesim) StdoutLine: {'line': b'-- Installing: /Minimalbeispiel_Codesys_ROS2/ros2_ws/install/turtlesim/include/turtlesim/turtlesim/srv/detail\n'}
[53.437741] (turtlesim) StdoutLine: {'line': b'-- Installing: /Minimalbeispiel_Codesys_ROS2/ros2_ws/install/turtlesim/include/turtlesim/turtlesim/srv/detail/spawn__functions.c\n'}
[53.438605] (turtlesim) StdoutLine: {'line': b'-- Installing: /Minimalbeispiel_Codesys_ROS2/ros2_ws/install/turtlesim/include/turtlesim/turtlesim/srv/detail/spawn__description.c\n'}
[53.439443] (turtlesim) StdoutLine: {'line': b'-- Installing: /Minimalbeispiel_Codesys_ROS2/ros2_ws/install/turtlesim/include/turtlesim/turtlesim/srv/detail/teleport_relative__type_support.c\n'}
[53.440041] (turtlesim) StdoutLine: {'line': b'-- Installing: /Minimalbeispiel_Codesys_ROS2/ros2_ws/install/turtlesim/include/turtlesim/turtlesim/srv/detail/spawn__functions.h\n'}
[53.440429] (turtlesim) StdoutLine: {'line': b'-- Installing: /Minimalbeispiel_Codesys_ROS2/ros2_ws/install/turtlesim/include/turtlesim/turtlesim/srv/detail/teleport_relative__functions.h\n'}
[53.440698] (turtlesim) StdoutLine: {'line': b'-- Installing: /Minimalbeispiel_Codesys_ROS2/ros2_ws/install/turtlesim/include/turtlesim/turtlesim/srv/detail/teleport_relative__functions.c\n'}
[53.441404] (turtlesim) StdoutLine: {'line': b'-- Installing: /Minimalbeispiel_Codesys_ROS2/ros2_ws/install/turtlesim/include/turtlesim/turtlesim/srv/detail/spawn__struct.h\n'}
[53.441675] (turtlesim) StdoutLine: {'line': b'-- Installing: /Minimalbeispiel_Codesys_ROS2/ros2_ws/install/turtlesim/include/turtlesim/turtlesim/srv/detail/kill__functions.c\n'}
[53.442371] (turtlesim) StdoutLine: {'line': b'-- Installing: /Minimalbeispiel_Codesys_ROS2/ros2_ws/install/turtlesim/include/turtlesim/turtlesim/srv/detail/teleport_absolute__type_support.h\n'}
[53.442635] (turtlesim) StdoutLine: {'line': b'-- Installing: /Minimalbeispiel_Codesys_ROS2/ros2_ws/install/turtlesim/include/turtlesim/turtlesim/srv/detail/set_pen__description.c\n'}
[53.443463] (turtlesim) StdoutLine: {'line': b'-- Installing: /Minimalbeispiel_Codesys_ROS2/ros2_ws/install/turtlesim/include/turtlesim/turtlesim/srv/detail/spawn__type_support.h\n'}
[53.443727] (turtlesim) StdoutLine: {'line': b'-- Installing: /Minimalbeispiel_Codesys_ROS2/ros2_ws/install/turtlesim/include/turtlesim/turtlesim/srv/detail/set_pen__functions.h\n'}
[53.444034] (turtlesim) StdoutLine: {'line': b'-- Installing: /Minimalbeispiel_Codesys_ROS2/ros2_ws/install/turtlesim/include/turtlesim/turtlesim/srv/detail/teleport_absolute__functions.h\n'}
[53.444360] (turtlesim) StdoutLine: {'line': b'-- Installing: /Minimalbeispiel_Codesys_ROS2/ros2_ws/install/turtlesim/include/turtlesim/turtlesim/srv/detail/set_pen__functions.c\n'}
[53.445038] (turtlesim) StdoutLine: {'line': b'-- Installing: /Minimalbeispiel_Codesys_ROS2/ros2_ws/install/turtlesim/include/turtlesim/turtlesim/srv/detail/set_pen__type_support.h\n'}
[53.445334] (turtlesim) StdoutLine: {'line': b'-- Installing: /Minimalbeispiel_Codesys_ROS2/ros2_ws/install/turtlesim/include/turtlesim/turtlesim/srv/detail/kill__description.c\n'}
[53.445962] (turtlesim) StdoutLine: {'line': b'-- Installing: /Minimalbeispiel_Codesys_ROS2/ros2_ws/install/turtlesim/include/turtlesim/turtlesim/srv/detail/kill__functions.h\n'}
[53.446292] (turtlesim) StdoutLine: {'line': b'-- Installing: /Minimalbeispiel_Codesys_ROS2/ros2_ws/install/turtlesim/include/turtlesim/turtlesim/srv/detail/spawn__type_support.c\n'}
[53.446935] (turtlesim) StdoutLine: {'line': b'-- Installing: /Minimalbeispiel_Codesys_ROS2/ros2_ws/install/turtlesim/include/turtlesim/turtlesim/srv/detail/set_pen__struct.h\n'}
[53.447307] (turtlesim) StdoutLine: {'line': b'-- Installing: /Minimalbeispiel_Codesys_ROS2/ros2_ws/install/turtlesim/include/turtlesim/turtlesim/srv/detail/teleport_absolute__description.c\n'}
[53.447930] (turtlesim) StdoutLine: {'line': b'-- Installing: /Minimalbeispiel_Codesys_ROS2/ros2_ws/install/turtlesim/include/turtlesim/turtlesim/srv/detail/teleport_relative__description.c\n'}
[53.448559] (turtlesim) StdoutLine: {'line': b'-- Installing: /Minimalbeispiel_Codesys_ROS2/ros2_ws/install/turtlesim/include/turtlesim/turtlesim/srv/detail/set_pen__type_support.c\n'}
[53.449220] (turtlesim) StdoutLine: {'line': b'-- Installing: /Minimalbeispiel_Codesys_ROS2/ros2_ws/install/turtlesim/include/turtlesim/turtlesim/srv/detail/kill__type_support.c\n'}
[53.449794] (turtlesim) StdoutLine: {'line': b'-- Installing: /Minimalbeispiel_Codesys_ROS2/ros2_ws/install/turtlesim/include/turtlesim/turtlesim/srv/detail/teleport_absolute__type_support.c\n'}
[53.450354] (turtlesim) StdoutLine: {'line': b'-- Installing: /Minimalbeispiel_Codesys_ROS2/ros2_ws/install/turtlesim/include/turtlesim/turtlesim/srv/detail/kill__type_support.h\n'}
[53.450661] (turtlesim) StdoutLine: {'line': b'-- Installing: /Minimalbeispiel_Codesys_ROS2/ros2_ws/install/turtlesim/include/turtlesim/turtlesim/srv/detail/teleport_relative__struct.h\n'}
[53.450981] (turtlesim) StdoutLine: {'line': b'-- Installing: /Minimalbeispiel_Codesys_ROS2/ros2_ws/install/turtlesim/include/turtlesim/turtlesim/srv/detail/teleport_relative__type_support.h\n'}
[53.451432] (turtlesim) StdoutLine: {'line': b'-- Installing: /Minimalbeispiel_Codesys_ROS2/ros2_ws/install/turtlesim/include/turtlesim/turtlesim/srv/detail/kill__struct.h\n'}
[53.451686] (turtlesim) StdoutLine: {'line': b'-- Installing: /Minimalbeispiel_Codesys_ROS2/ros2_ws/install/turtlesim/include/turtlesim/turtlesim/srv/detail/teleport_absolute__struct.h\n'}
[53.451946] (turtlesim) StdoutLine: {'line': b'-- Installing: /Minimalbeispiel_Codesys_ROS2/ros2_ws/install/turtlesim/include/turtlesim/turtlesim/srv/detail/teleport_absolute__functions.c\n'}
[53.452645] (turtlesim) StdoutLine: {'line': b'-- Installing: /Minimalbeispiel_Codesys_ROS2/ros2_ws/install/turtlesim/include/turtlesim/turtlesim/action\n'}
[53.454038] (turtlesim) StdoutLine: {'line': b'-- Installing: /Minimalbeispiel_Codesys_ROS2/ros2_ws/install/turtlesim/include/turtlesim/turtlesim/action/rotate_absolute.h\n'}
[53.454299] (turtlesim) StdoutLine: {'line': b'-- Installing: /Minimalbeispiel_Codesys_ROS2/ros2_ws/install/turtlesim/include/turtlesim/turtlesim/action/detail\n'}
[53.454988] (turtlesim) StdoutLine: {'line': b'-- Installing: /Minimalbeispiel_Codesys_ROS2/ros2_ws/install/turtlesim/include/turtlesim/turtlesim/action/detail/rotate_absolute__struct.h\n'}
[53.455372] (turtlesim) StdoutLine: {'line': b'-- Installing: /Minimalbeispiel_Codesys_ROS2/ros2_ws/install/turtlesim/include/turtlesim/turtlesim/action/detail/rotate_absolute__functions.h\n'}
[53.455773] (turtlesim) StdoutLine: {'line': b'-- Installing: /Minimalbeispiel_Codesys_ROS2/ros2_ws/install/turtlesim/include/turtlesim/turtlesim/action/detail/rotate_absolute__type_support.c\n'}
[53.456427] (turtlesim) StdoutLine: {'line': b'-- Installing: /Minimalbeispiel_Codesys_ROS2/ros2_ws/install/turtlesim/include/turtlesim/turtlesim/action/detail/rotate_absolute__description.c\n'}
[53.457549] (turtlesim) StdoutLine: {'line': b'-- Installing: /Minimalbeispiel_Codesys_ROS2/ros2_ws/install/turtlesim/include/turtlesim/turtlesim/action/detail/rotate_absolute__type_support.h\n'}
[53.457828] (turtlesim) StdoutLine: {'line': b'-- Installing: /Minimalbeispiel_Codesys_ROS2/ros2_ws/install/turtlesim/include/turtlesim/turtlesim/action/detail/rotate_absolute__functions.c\n'}
[53.458911] (turtlesim) StdoutLine: {'line': b'-- Installing: /Minimalbeispiel_Codesys_ROS2/ros2_ws/install/turtlesim/include/turtlesim/turtlesim/msg\n'}
[53.459890] (turtlesim) StdoutLine: {'line': b'-- Installing: /Minimalbeispiel_Codesys_ROS2/ros2_ws/install/turtlesim/include/turtlesim/turtlesim/msg/color.h\n'}
[53.460497] (turtlesim) StdoutLine: {'line': b'-- Installing: /Minimalbeispiel_Codesys_ROS2/ros2_ws/install/turtlesim/include/turtlesim/turtlesim/msg/rosidl_generator_c__visibility_control.h\n'}
[53.460756] (turtlesim) StdoutLine: {'line': b'-- Installing: /Minimalbeispiel_Codesys_ROS2/ros2_ws/install/turtlesim/include/turtlesim/turtlesim/msg/detail\n'}
[53.461636] (turtlesim) StdoutLine: {'line': b'-- Installing: /Minimalbeispiel_Codesys_ROS2/ros2_ws/install/turtlesim/include/turtlesim/turtlesim/msg/detail/pose__type_support.h\n'}
[53.461910] (turtlesim) StdoutLine: {'line': b'-- Installing: /Minimalbeispiel_Codesys_ROS2/ros2_ws/install/turtlesim/include/turtlesim/turtlesim/msg/detail/pose__functions.h\n'}
[53.462170] (turtlesim) StdoutLine: {'line': b'-- Installing: /Minimalbeispiel_Codesys_ROS2/ros2_ws/install/turtlesim/include/turtlesim/turtlesim/msg/detail/color__description.c\n'}
[53.462674] (turtlesim) StdoutLine: {'line': b'-- Installing: /Minimalbeispiel_Codesys_ROS2/ros2_ws/install/turtlesim/include/turtlesim/turtlesim/msg/detail/color__type_support.c\n'}
[53.463298] (turtlesim) StdoutLine: {'line': b'-- Installing: /Minimalbeispiel_Codesys_ROS2/ros2_ws/install/turtlesim/include/turtlesim/turtlesim/msg/detail/color__struct.h\n'}
[53.463599] (turtlesim) StdoutLine: {'line': b'-- Installing: /Minimalbeispiel_Codesys_ROS2/ros2_ws/install/turtlesim/include/turtlesim/turtlesim/msg/detail/pose__functions.c\n'}
[53.464268] (turtlesim) StdoutLine: {'line': b'-- Installing: /Minimalbeispiel_Codesys_ROS2/ros2_ws/install/turtlesim/include/turtlesim/turtlesim/msg/detail/color__functions.h\n'}
[53.464652] (turtlesim) StdoutLine: {'line': b'-- Installing: /Minimalbeispiel_Codesys_ROS2/ros2_ws/install/turtlesim/include/turtlesim/turtlesim/msg/detail/pose__struct.h\n'}
[53.464930] (turtlesim) StdoutLine: {'line': b'-- Installing: /Minimalbeispiel_Codesys_ROS2/ros2_ws/install/turtlesim/include/turtlesim/turtlesim/msg/detail/color__functions.c\n'}
[53.465571] (turtlesim) StdoutLine: {'line': b'-- Installing: /Minimalbeispiel_Codesys_ROS2/ros2_ws/install/turtlesim/include/turtlesim/turtlesim/msg/detail/pose__description.c\n'}
[53.466249] (turtlesim) StdoutLine: {'line': b'-- Installing: /Minimalbeispiel_Codesys_ROS2/ros2_ws/install/turtlesim/include/turtlesim/turtlesim/msg/detail/color__type_support.h\n'}
[53.466514] (turtlesim) StdoutLine: {'line': b'-- Installing: /Minimalbeispiel_Codesys_ROS2/ros2_ws/install/turtlesim/include/turtlesim/turtlesim/msg/detail/pose__type_support.c\n'}
[53.467315] (turtlesim) StdoutLine: {'line': b'-- Installing: /Minimalbeispiel_Codesys_ROS2/ros2_ws/install/turtlesim/include/turtlesim/turtlesim/msg/pose.h\n'}
[53.470333] (turtlesim) StdoutLine: {'line': b'-- Installing: /Minimalbeispiel_Codesys_ROS2/ros2_ws/install/turtlesim/share/turtlesim/environment/library_path.sh\n'}
[53.470808] (turtlesim) StdoutLine: {'line': b'-- Installing: /Minimalbeispiel_Codesys_ROS2/ros2_ws/install/turtlesim/share/turtlesim/environment/library_path.dsv\n'}
[53.472336] (turtlesim) StdoutLine: {'line': b'-- Installing: /Minimalbeispiel_Codesys_ROS2/ros2_ws/install/turtlesim/lib/libturtlesim__rosidl_generator_c.so\n'}
[53.475457] (turtlesim) StdoutLine: {'line': b'-- Set non-toolchain portion of runtime path of "/Minimalbeispiel_Codesys_ROS2/ros2_ws/install/turtlesim/lib/libturtlesim__rosidl_generator_c.so" to ""\n'}
[53.475690] (turtlesim) StdoutLine: {'line': b'-- Up-to-date: /Minimalbeispiel_Codesys_ROS2/ros2_ws/install/turtlesim/include/turtlesim/turtlesim\n'}
[53.475966] (turtlesim) StdoutLine: {'line': b'-- Up-to-date: /Minimalbeispiel_Codesys_ROS2/ros2_ws/install/turtlesim/include/turtlesim/turtlesim/srv\n'}
[53.476388] (turtlesim) StdoutLine: {'line': b'-- Up-to-date: /Minimalbeispiel_Codesys_ROS2/ros2_ws/install/turtlesim/include/turtlesim/turtlesim/srv/detail\n'}
[53.476830] (turtlesim) StdoutLine: {'line': b'-- Installing: /Minimalbeispiel_Codesys_ROS2/ros2_ws/install/turtlesim/include/turtlesim/turtlesim/srv/detail/kill__rosidl_typesupport_fastrtps_c.h\n'}
[53.477556] (turtlesim) StdoutLine: {'line': b'-- Installing: /Minimalbeispiel_Codesys_ROS2/ros2_ws/install/turtlesim/include/turtlesim/turtlesim/srv/detail/spawn__rosidl_typesupport_fastrtps_c.h\n'}
[53.478243] (turtlesim) StdoutLine: {'line': b'-- Installing: /Minimalbeispiel_Codesys_ROS2/ros2_ws/install/turtlesim/include/turtlesim/turtlesim/srv/detail/teleport_relative__rosidl_typesupport_fastrtps_c.h\n'}
[53.478928] (turtlesim) StdoutLine: {'line': b'-- Installing: /Minimalbeispiel_Codesys_ROS2/ros2_ws/install/turtlesim/include/turtlesim/turtlesim/srv/detail/teleport_absolute__rosidl_typesupport_fastrtps_c.h\n'}
[53.479594] (turtlesim) StdoutLine: {'line': b'-- Installing: /Minimalbeispiel_Codesys_ROS2/ros2_ws/install/turtlesim/include/turtlesim/turtlesim/srv/detail/set_pen__rosidl_typesupport_fastrtps_c.h\n'}
[53.480150] (turtlesim) StdoutLine: {'line': b'-- Up-to-date: /Minimalbeispiel_Codesys_ROS2/ros2_ws/install/turtlesim/include/turtlesim/turtlesim/action\n'}
[53.480585] (turtlesim) StdoutLine: {'line': b'-- Up-to-date: /Minimalbeispiel_Codesys_ROS2/ros2_ws/install/turtlesim/include/turtlesim/turtlesim/action/detail\n'}
[53.480926] (turtlesim) StdoutLine: {'line': b'-- Installing: /Minimalbeispiel_Codesys_ROS2/ros2_ws/install/turtlesim/include/turtlesim/turtlesim/action/detail/rotate_absolute__rosidl_typesupport_fastrtps_c.h\n'}
[53.481661] (turtlesim) StdoutLine: {'line': b'-- Up-to-date: /Minimalbeispiel_Codesys_ROS2/ros2_ws/install/turtlesim/include/turtlesim/turtlesim/msg\n'}
[53.482110] (turtlesim) StdoutLine: {'line': b'-- Up-to-date: /Minimalbeispiel_Codesys_ROS2/ros2_ws/install/turtlesim/include/turtlesim/turtlesim/msg/detail\n'}
[53.482477] (turtlesim) StdoutLine: {'line': b'-- Installing: /Minimalbeispiel_Codesys_ROS2/ros2_ws/install/turtlesim/include/turtlesim/turtlesim/msg/detail/pose__rosidl_typesupport_fastrtps_c.h\n'}
[53.483070] (turtlesim) StdoutLine: {'line': b'-- Installing: /Minimalbeispiel_Codesys_ROS2/ros2_ws/install/turtlesim/include/turtlesim/turtlesim/msg/detail/color__rosidl_typesupport_fastrtps_c.h\n'}
[53.483627] (turtlesim) StdoutLine: {'line': b'-- Installing: /Minimalbeispiel_Codesys_ROS2/ros2_ws/install/turtlesim/include/turtlesim/turtlesim/msg/rosidl_typesupport_fastrtps_c__visibility_control.h\n'}
[53.483957] (turtlesim) StdoutLine: {'line': b'-- Installing: /Minimalbeispiel_Codesys_ROS2/ros2_ws/install/turtlesim/lib/libturtlesim__rosidl_typesupport_fastrtps_c.so\n'}
[53.485802] (turtlesim) StdoutLine: {'line': b'-- Set non-toolchain portion of runtime path of "/Minimalbeispiel_Codesys_ROS2/ros2_ws/install/turtlesim/lib/libturtlesim__rosidl_typesupport_fastrtps_c.so" to ""\n'}
[53.486254] (turtlesim) StdoutLine: {'line': b'-- Up-to-date: /Minimalbeispiel_Codesys_ROS2/ros2_ws/install/turtlesim/include/turtlesim/turtlesim\n'}
[53.486525] (turtlesim) StdoutLine: {'line': b'-- Up-to-date: /Minimalbeispiel_Codesys_ROS2/ros2_ws/install/turtlesim/include/turtlesim/turtlesim/srv\n'}
[53.486777] (turtlesim) StdoutLine: {'line': b'-- Installing: /Minimalbeispiel_Codesys_ROS2/ros2_ws/install/turtlesim/include/turtlesim/turtlesim/srv/set_pen.hpp\n'}
[53.487194] (turtlesim) StdoutLine: {'line': b'-- Installing: /Minimalbeispiel_Codesys_ROS2/ros2_ws/install/turtlesim/include/turtlesim/turtlesim/srv/teleport_absolute.hpp\n'}
[53.487485] (turtlesim) StdoutLine: {'line': b'-- Installing: /Minimalbeispiel_Codesys_ROS2/ros2_ws/install/turtlesim/include/turtlesim/turtlesim/srv/teleport_relative.hpp\n'}
[53.487762] (turtlesim) StdoutLine: {'line': b'-- Installing: /Minimalbeispiel_Codesys_ROS2/ros2_ws/install/turtlesim/include/turtlesim/turtlesim/srv/spawn.hpp\n'}
[53.488026] (turtlesim) StdoutLine: {'line': b'-- Up-to-date: /Minimalbeispiel_Codesys_ROS2/ros2_ws/install/turtlesim/include/turtlesim/turtlesim/srv/detail\n'}
[53.488434] (turtlesim) StdoutLine: {'line': b'-- Installing: /Minimalbeispiel_Codesys_ROS2/ros2_ws/install/turtlesim/include/turtlesim/turtlesim/srv/detail/spawn__type_support.hpp\n'}
[53.488717] (turtlesim) StdoutLine: {'line': b'-- Installing: /Minimalbeispiel_Codesys_ROS2/ros2_ws/install/turtlesim/include/turtlesim/turtlesim/srv/detail/teleport_relative__traits.hpp\n'}
[53.488977] (turtlesim) StdoutLine: {'line': b'-- Installing: /Minimalbeispiel_Codesys_ROS2/ros2_ws/install/turtlesim/include/turtlesim/turtlesim/srv/detail/set_pen__struct.hpp\n'}
[53.489395] (turtlesim) StdoutLine: {'line': b'-- Installing: /Minimalbeispiel_Codesys_ROS2/ros2_ws/install/turtlesim/include/turtlesim/turtlesim/srv/detail/teleport_absolute__type_support.hpp\n'}
[53.489619] (turtlesim) StdoutLine: {'line': b'-- Installing: /Minimalbeispiel_Codesys_ROS2/ros2_ws/install/turtlesim/include/turtlesim/turtlesim/srv/detail/teleport_relative__type_support.hpp\n'}
[53.489852] (turtlesim) StdoutLine: {'line': b'-- Installing: /Minimalbeispiel_Codesys_ROS2/ros2_ws/install/turtlesim/include/turtlesim/turtlesim/srv/detail/set_pen__traits.hpp\n'}
[53.490235] (turtlesim) StdoutLine: {'line': b'-- Installing: /Minimalbeispiel_Codesys_ROS2/ros2_ws/install/turtlesim/include/turtlesim/turtlesim/srv/detail/kill__struct.hpp\n'}
[53.490516] (turtlesim) StdoutLine: {'line': b'-- Installing: /Minimalbeispiel_Codesys_ROS2/ros2_ws/install/turtlesim/include/turtlesim/turtlesim/srv/detail/teleport_relative__struct.hpp\n'}
[53.490788] (turtlesim) StdoutLine: {'line': b'-- Installing: /Minimalbeispiel_Codesys_ROS2/ros2_ws/install/turtlesim/include/turtlesim/turtlesim/srv/detail/set_pen__builder.hpp\n'}
[53.491221] (turtlesim) StdoutLine: {'line': b'-- Installing: /Minimalbeispiel_Codesys_ROS2/ros2_ws/install/turtlesim/include/turtlesim/turtlesim/srv/detail/kill__builder.hpp\n'}
[53.491438] (turtlesim) StdoutLine: {'line': b'-- Installing: /Minimalbeispiel_Codesys_ROS2/ros2_ws/install/turtlesim/include/turtlesim/turtlesim/srv/detail/teleport_absolute__traits.hpp\n'}
[53.491699] (turtlesim) StdoutLine: {'line': b'-- Installing: /Minimalbeispiel_Codesys_ROS2/ros2_ws/install/turtlesim/include/turtlesim/turtlesim/srv/detail/teleport_relative__builder.hpp\n'}
[53.491957] (turtlesim) StdoutLine: {'line': b'-- Installing: /Minimalbeispiel_Codesys_ROS2/ros2_ws/install/turtlesim/include/turtlesim/turtlesim/srv/detail/spawn__struct.hpp\n'}
[53.492283] (turtlesim) StdoutLine: {'line': b'-- Installing: /Minimalbeispiel_Codesys_ROS2/ros2_ws/install/turtlesim/include/turtlesim/turtlesim/srv/detail/set_pen__type_support.hpp\n'}
[53.492537] (turtlesim) StdoutLine: {'line': b'-- Installing: /Minimalbeispiel_Codesys_ROS2/ros2_ws/install/turtlesim/include/turtlesim/turtlesim/srv/detail/kill__type_support.hpp\n'}
[53.492816] (turtlesim) StdoutLine: {'line': b'-- Installing: /Minimalbeispiel_Codesys_ROS2/ros2_ws/install/turtlesim/include/turtlesim/turtlesim/srv/detail/spawn__builder.hpp\n'}
[53.493130] (turtlesim) StdoutLine: {'line': b'-- Installing: /Minimalbeispiel_Codesys_ROS2/ros2_ws/install/turtlesim/include/turtlesim/turtlesim/srv/detail/kill__traits.hpp\n'}
[53.493458] (turtlesim) StdoutLine: {'line': b'-- Installing: /Minimalbeispiel_Codesys_ROS2/ros2_ws/install/turtlesim/include/turtlesim/turtlesim/srv/detail/teleport_absolute__builder.hpp\n'}
[53.493733] (turtlesim) StdoutLine: {'line': b'-- Installing: /Minimalbeispiel_Codesys_ROS2/ros2_ws/install/turtlesim/include/turtlesim/turtlesim/srv/detail/teleport_absolute__struct.hpp\n'}
[53.494051] (turtlesim) StdoutLine: {'line': b'-- Installing: /Minimalbeispiel_Codesys_ROS2/ros2_ws/install/turtlesim/include/turtlesim/turtlesim/srv/detail/spawn__traits.hpp\n'}
[53.494288] (turtlesim) StdoutLine: {'line': b'-- Installing: /Minimalbeispiel_Codesys_ROS2/ros2_ws/install/turtlesim/include/turtlesim/turtlesim/srv/kill.hpp\n'}
[53.494557] (turtlesim) StdoutLine: {'line': b'-- Up-to-date: /Minimalbeispiel_Codesys_ROS2/ros2_ws/install/turtlesim/include/turtlesim/turtlesim/action\n'}
[53.495014] (turtlesim) StdoutLine: {'line': b'-- Installing: /Minimalbeispiel_Codesys_ROS2/ros2_ws/install/turtlesim/include/turtlesim/turtlesim/action/rotate_absolute.hpp\n'}
[53.495326] (turtlesim) StdoutLine: {'line': b'-- Up-to-date: /Minimalbeispiel_Codesys_ROS2/ros2_ws/install/turtlesim/include/turtlesim/turtlesim/action/detail\n'}
[53.495718] (turtlesim) StdoutLine: {'line': b'-- Installing: /Minimalbeispiel_Codesys_ROS2/ros2_ws/install/turtlesim/include/turtlesim/turtlesim/action/detail/rotate_absolute__builder.hpp\n'}
[53.496045] (turtlesim) StdoutLine: {'line': b'-- Installing: /Minimalbeispiel_Codesys_ROS2/ros2_ws/install/turtlesim/include/turtlesim/turtlesim/action/detail/rotate_absolute__struct.hpp\n'}
[53.496686] (turtlesim) StdoutLine: {'line': b'-- Installing: /Minimalbeispiel_Codesys_ROS2/ros2_ws/install/turtlesim/include/turtlesim/turtlesim/action/detail/rotate_absolute__type_support.hpp\n'}
[53.496831] (-) TimerEvent: {}
[53.497057] (turtlesim) StdoutLine: {'line': b'-- Installing: /Minimalbeispiel_Codesys_ROS2/ros2_ws/install/turtlesim/include/turtlesim/turtlesim/action/detail/rotate_absolute__traits.hpp\n'}
[53.497321] (turtlesim) StdoutLine: {'line': b'-- Up-to-date: /Minimalbeispiel_Codesys_ROS2/ros2_ws/install/turtlesim/include/turtlesim/turtlesim/msg\n'}
[53.497753] (turtlesim) StdoutLine: {'line': b'-- Installing: /Minimalbeispiel_Codesys_ROS2/ros2_ws/install/turtlesim/include/turtlesim/turtlesim/msg/pose.hpp\n'}
[53.498138] (turtlesim) StdoutLine: {'line': b'-- Installing: /Minimalbeispiel_Codesys_ROS2/ros2_ws/install/turtlesim/include/turtlesim/turtlesim/msg/rosidl_generator_cpp__visibility_control.hpp\n'}
[53.498451] (turtlesim) StdoutLine: {'line': b'-- Installing: /Minimalbeispiel_Codesys_ROS2/ros2_ws/install/turtlesim/include/turtlesim/turtlesim/msg/color.hpp\n'}
[53.498708] (turtlesim) StdoutLine: {'line': b'-- Up-to-date: /Minimalbeispiel_Codesys_ROS2/ros2_ws/install/turtlesim/include/turtlesim/turtlesim/msg/detail\n'}
[53.498805] (turtlesim) StdoutLine: {'line': b'-- Installing: /Minimalbeispiel_Codesys_ROS2/ros2_ws/install/turtlesim/include/turtlesim/turtlesim/msg/detail/pose__builder.hpp\n'}
[53.499011] (turtlesim) StdoutLine: {'line': b'-- Installing: /Minimalbeispiel_Codesys_ROS2/ros2_ws/install/turtlesim/include/turtlesim/turtlesim/msg/detail/pose__type_support.hpp\n'}
[53.499375] (turtlesim) StdoutLine: {'line': b'-- Installing: /Minimalbeispiel_Codesys_ROS2/ros2_ws/install/turtlesim/include/turtlesim/turtlesim/msg/detail/pose__struct.hpp\n'}
[53.499635] (turtlesim) StdoutLine: {'line': b'-- Installing: /Minimalbeispiel_Codesys_ROS2/ros2_ws/install/turtlesim/include/turtlesim/turtlesim/msg/detail/color__traits.hpp\n'}
[53.499915] (turtlesim) StdoutLine: {'line': b'-- Installing: /Minimalbeispiel_Codesys_ROS2/ros2_ws/install/turtlesim/include/turtlesim/turtlesim/msg/detail/color__builder.hpp\n'}
[53.500191] (turtlesim) StdoutLine: {'line': b'-- Installing: /Minimalbeispiel_Codesys_ROS2/ros2_ws/install/turtlesim/include/turtlesim/turtlesim/msg/detail/pose__traits.hpp\n'}
[53.500582] (turtlesim) StdoutLine: {'line': b'-- Installing: /Minimalbeispiel_Codesys_ROS2/ros2_ws/install/turtlesim/include/turtlesim/turtlesim/msg/detail/color__type_support.hpp\n'}
[53.500871] (turtlesim) StdoutLine: {'line': b'-- Installing: /Minimalbeispiel_Codesys_ROS2/ros2_ws/install/turtlesim/include/turtlesim/turtlesim/msg/detail/color__struct.hpp\n'}
[53.501360] (turtlesim) StdoutLine: {'line': b'-- Up-to-date: /Minimalbeispiel_Codesys_ROS2/ros2_ws/install/turtlesim/include/turtlesim/turtlesim\n'}
[53.501835] (turtlesim) StdoutLine: {'line': b'-- Up-to-date: /Minimalbeispiel_Codesys_ROS2/ros2_ws/install/turtlesim/include/turtlesim/turtlesim/srv\n'}
[53.502293] (turtlesim) StdoutLine: {'line': b'-- Up-to-date: /Minimalbeispiel_Codesys_ROS2/ros2_ws/install/turtlesim/include/turtlesim/turtlesim/srv/detail\n'}
[53.502701] (turtlesim) StdoutLine: {'line': b'-- Installing: /Minimalbeispiel_Codesys_ROS2/ros2_ws/install/turtlesim/include/turtlesim/turtlesim/srv/detail/dds_fastrtps\n'}
[53.504103] (turtlesim) StdoutLine: {'line': b'-- Installing: /Minimalbeispiel_Codesys_ROS2/ros2_ws/install/turtlesim/include/turtlesim/turtlesim/srv/detail/teleport_relative__rosidl_typesupport_fastrtps_cpp.hpp\n'}
[53.504780] (turtlesim) StdoutLine: {'line': b'-- Installing: /Minimalbeispiel_Codesys_ROS2/ros2_ws/install/turtlesim/include/turtlesim/turtlesim/srv/detail/kill__rosidl_typesupport_fastrtps_cpp.hpp\n'}
[53.505469] (turtlesim) StdoutLine: {'line': b'-- Installing: /Minimalbeispiel_Codesys_ROS2/ros2_ws/install/turtlesim/include/turtlesim/turtlesim/srv/detail/spawn__rosidl_typesupport_fastrtps_cpp.hpp\n'}
[53.506177] (turtlesim) StdoutLine: {'line': b'-- Installing: /Minimalbeispiel_Codesys_ROS2/ros2_ws/install/turtlesim/include/turtlesim/turtlesim/srv/detail/teleport_absolute__rosidl_typesupport_fastrtps_cpp.hpp\n'}
[53.506843] (turtlesim) StdoutLine: {'line': b'-- Installing: /Minimalbeispiel_Codesys_ROS2/ros2_ws/install/turtlesim/include/turtlesim/turtlesim/srv/detail/set_pen__rosidl_typesupport_fastrtps_cpp.hpp\n'}
[53.507604] (turtlesim) StdoutLine: {'line': b'-- Up-to-date: /Minimalbeispiel_Codesys_ROS2/ros2_ws/install/turtlesim/include/turtlesim/turtlesim/action\n'}
[53.508100] (turtlesim) StdoutLine: {'line': b'-- Up-to-date: /Minimalbeispiel_Codesys_ROS2/ros2_ws/install/turtlesim/include/turtlesim/turtlesim/action/detail\n'}
[53.508505] (turtlesim) StdoutLine: {'line': b'-- Installing: /Minimalbeispiel_Codesys_ROS2/ros2_ws/install/turtlesim/include/turtlesim/turtlesim/action/detail/dds_fastrtps\n'}
[53.509720] (turtlesim) StdoutLine: {'line': b'-- Installing: /Minimalbeispiel_Codesys_ROS2/ros2_ws/install/turtlesim/include/turtlesim/turtlesim/action/detail/rotate_absolute__rosidl_typesupport_fastrtps_cpp.hpp\n'}
[53.510446] (turtlesim) StdoutLine: {'line': b'-- Up-to-date: /Minimalbeispiel_Codesys_ROS2/ros2_ws/install/turtlesim/include/turtlesim/turtlesim/msg\n'}
[53.510882] (turtlesim) StdoutLine: {'line': b'-- Installing: /Minimalbeispiel_Codesys_ROS2/ros2_ws/install/turtlesim/include/turtlesim/turtlesim/msg/rosidl_typesupport_fastrtps_cpp__visibility_control.h\n'}
[53.511167] (turtlesim) StdoutLine: {'line': b'-- Up-to-date: /Minimalbeispiel_Codesys_ROS2/ros2_ws/install/turtlesim/include/turtlesim/turtlesim/msg/detail\n'}
[53.511623] (turtlesim) StdoutLine: {'line': b'-- Installing: /Minimalbeispiel_Codesys_ROS2/ros2_ws/install/turtlesim/include/turtlesim/turtlesim/msg/detail/dds_fastrtps\n'}
[53.512756] (turtlesim) StdoutLine: {'line': b'-- Installing: /Minimalbeispiel_Codesys_ROS2/ros2_ws/install/turtlesim/include/turtlesim/turtlesim/msg/detail/pose__rosidl_typesupport_fastrtps_cpp.hpp\n'}
[53.513391] (turtlesim) StdoutLine: {'line': b'-- Installing: /Minimalbeispiel_Codesys_ROS2/ros2_ws/install/turtlesim/include/turtlesim/turtlesim/msg/detail/color__rosidl_typesupport_fastrtps_cpp.hpp\n'}
[53.514175] (turtlesim) StdoutLine: {'line': b'-- Installing: /Minimalbeispiel_Codesys_ROS2/ros2_ws/install/turtlesim/lib/libturtlesim__rosidl_typesupport_fastrtps_cpp.so\n'}
[53.517817] (turtlesim) StdoutLine: {'line': b'-- Set non-toolchain portion of runtime path of "/Minimalbeispiel_Codesys_ROS2/ros2_ws/install/turtlesim/lib/libturtlesim__rosidl_typesupport_fastrtps_cpp.so" to ""\n'}
[53.518076] (turtlesim) StdoutLine: {'line': b'-- Up-to-date: /Minimalbeispiel_Codesys_ROS2/ros2_ws/install/turtlesim/include/turtlesim/turtlesim\n'}
[53.518350] (turtlesim) StdoutLine: {'line': b'-- Up-to-date: /Minimalbeispiel_Codesys_ROS2/ros2_ws/install/turtlesim/include/turtlesim/turtlesim/srv\n'}
[53.518806] (turtlesim) StdoutLine: {'line': b'-- Up-to-date: /Minimalbeispiel_Codesys_ROS2/ros2_ws/install/turtlesim/include/turtlesim/turtlesim/srv/detail\n'}
[53.519365] (turtlesim) StdoutLine: {'line': b'-- Installing: /Minimalbeispiel_Codesys_ROS2/ros2_ws/install/turtlesim/include/turtlesim/turtlesim/srv/detail/teleport_relative__rosidl_typesupport_introspection_c.h\n'}
[53.520391] (turtlesim) StdoutLine: {'line': b'-- Installing: /Minimalbeispiel_Codesys_ROS2/ros2_ws/install/turtlesim/include/turtlesim/turtlesim/srv/detail/kill__rosidl_typesupport_introspection_c.h\n'}
[53.521051] (turtlesim) StdoutLine: {'line': b'-- Installing: /Minimalbeispiel_Codesys_ROS2/ros2_ws/install/turtlesim/include/turtlesim/turtlesim/srv/detail/teleport_relative__type_support.c\n'}
[53.521967] (turtlesim) StdoutLine: {'line': b'-- Installing: /Minimalbeispiel_Codesys_ROS2/ros2_ws/install/turtlesim/include/turtlesim/turtlesim/srv/detail/set_pen__rosidl_typesupport_introspection_c.h\n'}
[53.522681] (turtlesim) StdoutLine: {'line': b'-- Installing: /Minimalbeispiel_Codesys_ROS2/ros2_ws/install/turtlesim/include/turtlesim/turtlesim/srv/detail/spawn__type_support.c\n'}
[53.523626] (turtlesim) StdoutLine: {'line': b'-- Installing: /Minimalbeispiel_Codesys_ROS2/ros2_ws/install/turtlesim/include/turtlesim/turtlesim/srv/detail/teleport_absolute__rosidl_typesupport_introspection_c.h\n'}
[53.524263] (turtlesim) StdoutLine: {'line': b'-- Installing: /Minimalbeispiel_Codesys_ROS2/ros2_ws/install/turtlesim/include/turtlesim/turtlesim/srv/detail/set_pen__type_support.c\n'}
[53.525025] (turtlesim) StdoutLine: {'line': b'-- Installing: /Minimalbeispiel_Codesys_ROS2/ros2_ws/install/turtlesim/include/turtlesim/turtlesim/srv/detail/kill__type_support.c\n'}
[53.525763] (turtlesim) StdoutLine: {'line': b'-- Installing: /Minimalbeispiel_Codesys_ROS2/ros2_ws/install/turtlesim/include/turtlesim/turtlesim/srv/detail/teleport_absolute__type_support.c\n'}
[53.526590] (turtlesim) StdoutLine: {'line': b'-- Installing: /Minimalbeispiel_Codesys_ROS2/ros2_ws/install/turtlesim/include/turtlesim/turtlesim/srv/detail/spawn__rosidl_typesupport_introspection_c.h\n'}
[53.527213] (turtlesim) StdoutLine: {'line': b'-- Up-to-date: /Minimalbeispiel_Codesys_ROS2/ros2_ws/install/turtlesim/include/turtlesim/turtlesim/action\n'}
[53.527721] (turtlesim) StdoutLine: {'line': b'-- Up-to-date: /Minimalbeispiel_Codesys_ROS2/ros2_ws/install/turtlesim/include/turtlesim/turtlesim/action/detail\n'}
[53.528075] (turtlesim) StdoutLine: {'line': b'-- Installing: /Minimalbeispiel_Codesys_ROS2/ros2_ws/install/turtlesim/include/turtlesim/turtlesim/action/detail/rotate_absolute__type_support.c\n'}
[53.529311] (turtlesim) StdoutLine: {'line': b'-- Installing: /Minimalbeispiel_Codesys_ROS2/ros2_ws/install/turtlesim/include/turtlesim/turtlesim/action/detail/rotate_absolute__rosidl_typesupport_introspection_c.h\n'}
[53.530001] (turtlesim) StdoutLine: {'line': b'-- Up-to-date: /Minimalbeispiel_Codesys_ROS2/ros2_ws/install/turtlesim/include/turtlesim/turtlesim/msg\n'}
[53.530383] (turtlesim) StdoutLine: {'line': b'-- Installing: /Minimalbeispiel_Codesys_ROS2/ros2_ws/install/turtlesim/include/turtlesim/turtlesim/msg/rosidl_typesupport_introspection_c__visibility_control.h\n'}
[53.530701] (turtlesim) StdoutLine: {'line': b'-- Up-to-date: /Minimalbeispiel_Codesys_ROS2/ros2_ws/install/turtlesim/include/turtlesim/turtlesim/msg/detail\n'}
[53.531189] (turtlesim) StdoutLine: {'line': b'-- Installing: /Minimalbeispiel_Codesys_ROS2/ros2_ws/install/turtlesim/include/turtlesim/turtlesim/msg/detail/color__type_support.c\n'}
[53.531864] (turtlesim) StdoutLine: {'line': b'-- Installing: /Minimalbeispiel_Codesys_ROS2/ros2_ws/install/turtlesim/include/turtlesim/turtlesim/msg/detail/color__rosidl_typesupport_introspection_c.h\n'}
[53.532456] (turtlesim) StdoutLine: {'line': b'-- Installing: /Minimalbeispiel_Codesys_ROS2/ros2_ws/install/turtlesim/include/turtlesim/turtlesim/msg/detail/pose__rosidl_typesupport_introspection_c.h\n'}
[53.533037] (turtlesim) StdoutLine: {'line': b'-- Installing: /Minimalbeispiel_Codesys_ROS2/ros2_ws/install/turtlesim/include/turtlesim/turtlesim/msg/detail/pose__type_support.c\n'}
[53.533818] (turtlesim) StdoutLine: {'line': b'-- Installing: /Minimalbeispiel_Codesys_ROS2/ros2_ws/install/turtlesim/lib/libturtlesim__rosidl_typesupport_introspection_c.so\n'}
[53.535542] (turtlesim) StdoutLine: {'line': b'-- Set non-toolchain portion of runtime path of "/Minimalbeispiel_Codesys_ROS2/ros2_ws/install/turtlesim/lib/libturtlesim__rosidl_typesupport_introspection_c.so" to ""\n'}
[53.535861] (turtlesim) StdoutLine: {'line': b'-- Installing: /Minimalbeispiel_Codesys_ROS2/ros2_ws/install/turtlesim/lib/libturtlesim__rosidl_typesupport_c.so\n'}
[53.537409] (turtlesim) StdoutLine: {'line': b'-- Set non-toolchain portion of runtime path of "/Minimalbeispiel_Codesys_ROS2/ros2_ws/install/turtlesim/lib/libturtlesim__rosidl_typesupport_c.so" to ""\n'}
[53.537764] (turtlesim) StdoutLine: {'line': b'-- Up-to-date: /Minimalbeispiel_Codesys_ROS2/ros2_ws/install/turtlesim/include/turtlesim/turtlesim\n'}
[53.537958] (turtlesim) StdoutLine: {'line': b'-- Up-to-date: /Minimalbeispiel_Codesys_ROS2/ros2_ws/install/turtlesim/include/turtlesim/turtlesim/srv\n'}
[53.538362] (turtlesim) StdoutLine: {'line': b'-- Up-to-date: /Minimalbeispiel_Codesys_ROS2/ros2_ws/install/turtlesim/include/turtlesim/turtlesim/srv/detail\n'}
[53.538786] (turtlesim) StdoutLine: {'line': b'-- Installing: /Minimalbeispiel_Codesys_ROS2/ros2_ws/install/turtlesim/include/turtlesim/turtlesim/srv/detail/kill__rosidl_typesupport_introspection_cpp.hpp\n'}
[53.539555] (turtlesim) StdoutLine: {'line': b'-- Installing: /Minimalbeispiel_Codesys_ROS2/ros2_ws/install/turtlesim/include/turtlesim/turtlesim/srv/detail/teleport_absolute__rosidl_typesupport_introspection_cpp.hpp\n'}
[53.540211] (turtlesim) StdoutLine: {'line': b'-- Installing: /Minimalbeispiel_Codesys_ROS2/ros2_ws/install/turtlesim/include/turtlesim/turtlesim/srv/detail/spawn__rosidl_typesupport_introspection_cpp.hpp\n'}
[53.540961] (turtlesim) StdoutLine: {'line': b'-- Installing: /Minimalbeispiel_Codesys_ROS2/ros2_ws/install/turtlesim/include/turtlesim/turtlesim/srv/detail/kill__type_support.cpp\n'}
[53.541719] (turtlesim) StdoutLine: {'line': b'-- Installing: /Minimalbeispiel_Codesys_ROS2/ros2_ws/install/turtlesim/include/turtlesim/turtlesim/srv/detail/set_pen__rosidl_typesupport_introspection_cpp.hpp\n'}
[53.542350] (turtlesim) StdoutLine: {'line': b'-- Installing: /Minimalbeispiel_Codesys_ROS2/ros2_ws/install/turtlesim/include/turtlesim/turtlesim/srv/detail/set_pen__type_support.cpp\n'}
[53.543005] (turtlesim) StdoutLine: {'line': b'-- Installing: /Minimalbeispiel_Codesys_ROS2/ros2_ws/install/turtlesim/include/turtlesim/turtlesim/srv/detail/spawn__type_support.cpp\n'}
[53.543791] (turtlesim) StdoutLine: {'line': b'-- Installing: /Minimalbeispiel_Codesys_ROS2/ros2_ws/install/turtlesim/include/turtlesim/turtlesim/srv/detail/teleport_relative__rosidl_typesupport_introspection_cpp.hpp\n'}
[53.544362] (turtlesim) StdoutLine: {'line': b'-- Installing: /Minimalbeispiel_Codesys_ROS2/ros2_ws/install/turtlesim/include/turtlesim/turtlesim/srv/detail/teleport_absolute__type_support.cpp\n'}
[53.545089] (turtlesim) StdoutLine: {'line': b'-- Installing: /Minimalbeispiel_Codesys_ROS2/ros2_ws/install/turtlesim/include/turtlesim/turtlesim/srv/detail/teleport_relative__type_support.cpp\n'}
[53.545828] (turtlesim) StdoutLine: {'line': b'-- Up-to-date: /Minimalbeispiel_Codesys_ROS2/ros2_ws/install/turtlesim/include/turtlesim/turtlesim/action\n'}
[53.546207] (turtlesim) StdoutLine: {'line': b'-- Up-to-date: /Minimalbeispiel_Codesys_ROS2/ros2_ws/install/turtlesim/include/turtlesim/turtlesim/action/detail\n'}
[53.546651] (turtlesim) StdoutLine: {'line': b'-- Installing: /Minimalbeispiel_Codesys_ROS2/ros2_ws/install/turtlesim/include/turtlesim/turtlesim/action/detail/rotate_absolute__rosidl_typesupport_introspection_cpp.hpp\n'}
[53.547457] (turtlesim) StdoutLine: {'line': b'-- Installing: /Minimalbeispiel_Codesys_ROS2/ros2_ws/install/turtlesim/include/turtlesim/turtlesim/action/detail/rotate_absolute__type_support.cpp\n'}
[53.548673] (turtlesim) StdoutLine: {'line': b'-- Up-to-date: /Minimalbeispiel_Codesys_ROS2/ros2_ws/install/turtlesim/include/turtlesim/turtlesim/msg\n'}
[53.549119] (turtlesim) StdoutLine: {'line': b'-- Up-to-date: /Minimalbeispiel_Codesys_ROS2/ros2_ws/install/turtlesim/include/turtlesim/turtlesim/msg/detail\n'}
[53.549591] (turtlesim) StdoutLine: {'line': b'-- Installing: /Minimalbeispiel_Codesys_ROS2/ros2_ws/install/turtlesim/include/turtlesim/turtlesim/msg/detail/pose__type_support.cpp\n'}
[53.550233] (turtlesim) StdoutLine: {'line': b'-- Installing: /Minimalbeispiel_Codesys_ROS2/ros2_ws/install/turtlesim/include/turtlesim/turtlesim/msg/detail/color__rosidl_typesupport_introspection_cpp.hpp\n'}
[53.550721] (turtlesim) StdoutLine: {'line': b'-- Installing: /Minimalbeispiel_Codesys_ROS2/ros2_ws/install/turtlesim/include/turtlesim/turtlesim/msg/detail/color__type_support.cpp\n'}
[53.551447] (turtlesim) StdoutLine: {'line': b'-- Installing: /Minimalbeispiel_Codesys_ROS2/ros2_ws/install/turtlesim/include/turtlesim/turtlesim/msg/detail/pose__rosidl_typesupport_introspection_cpp.hpp\n'}
[53.552101] (turtlesim) StdoutLine: {'line': b'-- Installing: /Minimalbeispiel_Codesys_ROS2/ros2_ws/install/turtlesim/lib/libturtlesim__rosidl_typesupport_introspection_cpp.so\n'}
[53.555304] (turtlesim) StdoutLine: {'line': b'-- Set non-toolchain portion of runtime path of "/Minimalbeispiel_Codesys_ROS2/ros2_ws/install/turtlesim/lib/libturtlesim__rosidl_typesupport_introspection_cpp.so" to ""\n'}
[53.555509] (turtlesim) StdoutLine: {'line': b'-- Installing: /Minimalbeispiel_Codesys_ROS2/ros2_ws/install/turtlesim/lib/libturtlesim__rosidl_typesupport_cpp.so\n'}
[53.556765] (turtlesim) StdoutLine: {'line': b'-- Set non-toolchain portion of runtime path of "/Minimalbeispiel_Codesys_ROS2/ros2_ws/install/turtlesim/lib/libturtlesim__rosidl_typesupport_cpp.so" to ""\n'}
[53.557386] (turtlesim) StdoutLine: {'line': b'-- Installing: /Minimalbeispiel_Codesys_ROS2/ros2_ws/install/turtlesim/share/turtlesim/environment/pythonpath.sh\n'}
[53.557683] (turtlesim) StdoutLine: {'line': b'-- Installing: /Minimalbeispiel_Codesys_ROS2/ros2_ws/install/turtlesim/share/turtlesim/environment/pythonpath.dsv\n'}
[53.558538] (turtlesim) StdoutLine: {'line': b'-- Installing: /Minimalbeispiel_Codesys_ROS2/ros2_ws/install/turtlesim/lib/python3.12/site-packages/turtlesim-1.8.4-py3.12.egg-info\n'}
[53.560424] (turtlesim) StdoutLine: {'line': b'-- Installing: /Minimalbeispiel_Codesys_ROS2/ros2_ws/install/turtlesim/lib/python3.12/site-packages/turtlesim-1.8.4-py3.12.egg-info/SOURCES.txt\n'}
[53.561007] (turtlesim) StdoutLine: {'line': b'-- Installing: /Minimalbeispiel_Codesys_ROS2/ros2_ws/install/turtlesim/lib/python3.12/site-packages/turtlesim-1.8.4-py3.12.egg-info/top_level.txt\n'}
[53.561600] (turtlesim) StdoutLine: {'line': b'-- Installing: /Minimalbeispiel_Codesys_ROS2/ros2_ws/install/turtlesim/lib/python3.12/site-packages/turtlesim-1.8.4-py3.12.egg-info/dependency_links.txt\n'}
[53.562146] (turtlesim) StdoutLine: {'line': b'-- Installing: /Minimalbeispiel_Codesys_ROS2/ros2_ws/install/turtlesim/lib/python3.12/site-packages/turtlesim-1.8.4-py3.12.egg-info/PKG-INFO\n'}
[53.562798] (turtlesim) StdoutLine: {'line': b'-- Installing: /Minimalbeispiel_Codesys_ROS2/ros2_ws/install/turtlesim/lib/python3.12/site-packages/turtlesim\n'}
[53.563547] (turtlesim) StdoutLine: {'line': b'-- Installing: /Minimalbeispiel_Codesys_ROS2/ros2_ws/install/turtlesim/lib/python3.12/site-packages/turtlesim/_turtlesim_s.ep.rosidl_typesupport_fastrtps_c.c\n'}
[53.565767] (turtlesim) StdoutLine: {'line': b'-- Installing: /Minimalbeispiel_Codesys_ROS2/ros2_ws/install/turtlesim/lib/python3.12/site-packages/turtlesim/srv\n'}
[53.566614] (turtlesim) StdoutLine: {'line': b'-- Installing: /Minimalbeispiel_Codesys_ROS2/ros2_ws/install/turtlesim/lib/python3.12/site-packages/turtlesim/srv/_teleport_absolute.py\n'}
[53.567542] (turtlesim) StdoutLine: {'line': b'-- Installing: /Minimalbeispiel_Codesys_ROS2/ros2_ws/install/turtlesim/lib/python3.12/site-packages/turtlesim/srv/_teleport_relative.py\n'}
[53.568258] (turtlesim) StdoutLine: {'line': b'-- Installing: /Minimalbeispiel_Codesys_ROS2/ros2_ws/install/turtlesim/lib/python3.12/site-packages/turtlesim/srv/__init__.py\n'}
[53.568909] (turtlesim) StdoutLine: {'line': b'-- Installing: /Minimalbeispiel_Codesys_ROS2/ros2_ws/install/turtlesim/lib/python3.12/site-packages/turtlesim/srv/_set_pen_s.c\n'}
[53.569564] (turtlesim) StdoutLine: {'line': b'-- Installing: /Minimalbeispiel_Codesys_ROS2/ros2_ws/install/turtlesim/lib/python3.12/site-packages/turtlesim/srv/_teleport_relative_s.c\n'}
[53.570273] (turtlesim) StdoutLine: {'line': b'-- Installing: /Minimalbeispiel_Codesys_ROS2/ros2_ws/install/turtlesim/lib/python3.12/site-packages/turtlesim/srv/_spawn.py\n'}
[53.570913] (turtlesim) StdoutLine: {'line': b'-- Installing: /Minimalbeispiel_Codesys_ROS2/ros2_ws/install/turtlesim/lib/python3.12/site-packages/turtlesim/srv/_spawn_s.c\n'}
[53.571569] (turtlesim) StdoutLine: {'line': b'-- Installing: /Minimalbeispiel_Codesys_ROS2/ros2_ws/install/turtlesim/lib/python3.12/site-packages/turtlesim/srv/_kill.py\n'}
[53.572235] (turtlesim) StdoutLine: {'line': b'-- Installing: /Minimalbeispiel_Codesys_ROS2/ros2_ws/install/turtlesim/lib/python3.12/site-packages/turtlesim/srv/_kill_s.c\n'}
[53.572913] (turtlesim) StdoutLine: {'line': b'-- Installing: /Minimalbeispiel_Codesys_ROS2/ros2_ws/install/turtlesim/lib/python3.12/site-packages/turtlesim/srv/_set_pen.py\n'}
[53.573599] (turtlesim) StdoutLine: {'line': b'-- Installing: /Minimalbeispiel_Codesys_ROS2/ros2_ws/install/turtlesim/lib/python3.12/site-packages/turtlesim/srv/_teleport_absolute_s.c\n'}
[53.574209] (turtlesim) StdoutLine: {'line': b'-- Installing: /Minimalbeispiel_Codesys_ROS2/ros2_ws/install/turtlesim/lib/python3.12/site-packages/turtlesim/__init__.py\n'}
[53.574555] (turtlesim) StdoutLine: {'line': b'-- Installing: /Minimalbeispiel_Codesys_ROS2/ros2_ws/install/turtlesim/lib/python3.12/site-packages/turtlesim/turtlesim_s__rosidl_typesupport_fastrtps_c.so\n'}
[53.575669] (turtlesim) StdoutLine: {'line': b'-- Installing: /Minimalbeispiel_Codesys_ROS2/ros2_ws/install/turtlesim/lib/python3.12/site-packages/turtlesim/action\n'}
[53.576560] (turtlesim) StdoutLine: {'line': b'-- Installing: /Minimalbeispiel_Codesys_ROS2/ros2_ws/install/turtlesim/lib/python3.12/site-packages/turtlesim/action/_rotate_absolute_s.c\n'}
[53.577659] (turtlesim) StdoutLine: {'line': b'-- Installing: /Minimalbeispiel_Codesys_ROS2/ros2_ws/install/turtlesim/lib/python3.12/site-packages/turtlesim/action/_rotate_absolute.py\n'}
[53.578697] (turtlesim) StdoutLine: {'line': b'-- Installing: /Minimalbeispiel_Codesys_ROS2/ros2_ws/install/turtlesim/lib/python3.12/site-packages/turtlesim/action/__init__.py\n'}
[53.579366] (turtlesim) StdoutLine: {'line': b'-- Installing: /Minimalbeispiel_Codesys_ROS2/ros2_ws/install/turtlesim/lib/python3.12/site-packages/turtlesim/_turtlesim_s.ep.rosidl_typesupport_introspection_c.c\n'}
[53.580563] (turtlesim) StdoutLine: {'line': b'-- Installing: /Minimalbeispiel_Codesys_ROS2/ros2_ws/install/turtlesim/lib/python3.12/site-packages/turtlesim/_turtlesim_s.ep.rosidl_typesupport_c.c\n'}
[53.581823] (turtlesim) StdoutLine: {'line': b'-- Installing: /Minimalbeispiel_Codesys_ROS2/ros2_ws/install/turtlesim/lib/python3.12/site-packages/turtlesim/turtlesim_s__rosidl_typesupport_c.so\n'}
[53.583243] (turtlesim) StdoutLine: {'line': b'-- Installing: /Minimalbeispiel_Codesys_ROS2/ros2_ws/install/turtlesim/lib/python3.12/site-packages/turtlesim/turtlesim_s__rosidl_typesupport_introspection_c.so\n'}
[53.584613] (turtlesim) StdoutLine: {'line': b'-- Installing: /Minimalbeispiel_Codesys_ROS2/ros2_ws/install/turtlesim/lib/python3.12/site-packages/turtlesim/msg\n'}
[53.585459] (turtlesim) StdoutLine: {'line': b'-- Installing: /Minimalbeispiel_Codesys_ROS2/ros2_ws/install/turtlesim/lib/python3.12/site-packages/turtlesim/msg/_color.py\n'}
[53.585957] (turtlesim) StdoutLine: {'line': b'-- Installing: /Minimalbeispiel_Codesys_ROS2/ros2_ws/install/turtlesim/lib/python3.12/site-packages/turtlesim/msg/__init__.py\n'}
[53.586602] (turtlesim) StdoutLine: {'line': b'-- Installing: /Minimalbeispiel_Codesys_ROS2/ros2_ws/install/turtlesim/lib/python3.12/site-packages/turtlesim/msg/_pose_s.c\n'}
[53.587318] (turtlesim) StdoutLine: {'line': b'-- Installing: /Minimalbeispiel_Codesys_ROS2/ros2_ws/install/turtlesim/lib/python3.12/site-packages/turtlesim/msg/_pose.py\n'}
[53.587930] (turtlesim) StdoutLine: {'line': b'-- Installing: /Minimalbeispiel_Codesys_ROS2/ros2_ws/install/turtlesim/lib/python3.12/site-packages/turtlesim/msg/_color_s.c\n'}
[53.597049] (-) TimerEvent: {}
[53.697545] (-) TimerEvent: {}
[53.744314] (turtlesim) StdoutLine: {'line': b"Listing '/Minimalbeispiel_Codesys_ROS2/ros2_ws/install/turtlesim/lib/python3.12/site-packages/turtlesim'...\n"}
[53.744659] (turtlesim) StdoutLine: {'line': b"Compiling '/Minimalbeispiel_Codesys_ROS2/ros2_ws/install/turtlesim/lib/python3.12/site-packages/turtlesim/__init__.py'...\n"}
[53.744847] (turtlesim) StdoutLine: {'line': b"Listing '/Minimalbeispiel_Codesys_ROS2/ros2_ws/install/turtlesim/lib/python3.12/site-packages/turtlesim/action'...\n"}
[53.745008] (turtlesim) StdoutLine: {'line': b"Compiling '/Minimalbeispiel_Codesys_ROS2/ros2_ws/install/turtlesim/lib/python3.12/site-packages/turtlesim/action/__init__.py'...\n"}
[53.745122] (turtlesim) StdoutLine: {'line': b"Compiling '/Minimalbeispiel_Codesys_ROS2/ros2_ws/install/turtlesim/lib/python3.12/site-packages/turtlesim/action/_rotate_absolute.py'...\n"}
[53.745217] (turtlesim) StdoutLine: {'line': b"Listing '/Minimalbeispiel_Codesys_ROS2/ros2_ws/install/turtlesim/lib/python3.12/site-packages/turtlesim/msg'...\n"}
[53.745362] (turtlesim) StdoutLine: {'line': b"Compiling '/Minimalbeispiel_Codesys_ROS2/ros2_ws/install/turtlesim/lib/python3.12/site-packages/turtlesim/msg/__init__.py'...\n"}
[53.745471] (turtlesim) StdoutLine: {'line': b"Compiling '/Minimalbeispiel_Codesys_ROS2/ros2_ws/install/turtlesim/lib/python3.12/site-packages/turtlesim/msg/_color.py'...\n"}
[53.745555] (turtlesim) StdoutLine: {'line': b"Compiling '/Minimalbeispiel_Codesys_ROS2/ros2_ws/install/turtlesim/lib/python3.12/site-packages/turtlesim/msg/_pose.py'...\n"}
[53.745633] (turtlesim) StdoutLine: {'line': b"Listing '/Minimalbeispiel_Codesys_ROS2/ros2_ws/install/turtlesim/lib/python3.12/site-packages/turtlesim/srv'...\n"}
[53.745722] (turtlesim) StdoutLine: {'line': b"Compiling '/Minimalbeispiel_Codesys_ROS2/ros2_ws/install/turtlesim/lib/python3.12/site-packages/turtlesim/srv/__init__.py'...\n"}
[53.745807] (turtlesim) StdoutLine: {'line': b"Compiling '/Minimalbeispiel_Codesys_ROS2/ros2_ws/install/turtlesim/lib/python3.12/site-packages/turtlesim/srv/_kill.py'...\n"}
[53.745887] (turtlesim) StdoutLine: {'line': b"Compiling '/Minimalbeispiel_Codesys_ROS2/ros2_ws/install/turtlesim/lib/python3.12/site-packages/turtlesim/srv/_set_pen.py'...\n"}
[53.745962] (turtlesim) StdoutLine: {'line': b"Compiling '/Minimalbeispiel_Codesys_ROS2/ros2_ws/install/turtlesim/lib/python3.12/site-packages/turtlesim/srv/_spawn.py'...\n"}
[53.746038] (turtlesim) StdoutLine: {'line': b"Compiling '/Minimalbeispiel_Codesys_ROS2/ros2_ws/install/turtlesim/lib/python3.12/site-packages/turtlesim/srv/_teleport_absolute.py'...\n"}
[53.746115] (turtlesim) StdoutLine: {'line': b"Compiling '/Minimalbeispiel_Codesys_ROS2/ros2_ws/install/turtlesim/lib/python3.12/site-packages/turtlesim/srv/_teleport_relative.py'...\n"}
[53.752243] (turtlesim) StdoutLine: {'line': b'-- Installing: /Minimalbeispiel_Codesys_ROS2/ros2_ws/install/turtlesim/lib/python3.12/site-packages/turtlesim/turtlesim_s__rosidl_typesupport_fastrtps_c.so\n'}
[53.753075] (turtlesim) StdoutLine: {'line': b'-- Set non-toolchain portion of runtime path of "/Minimalbeispiel_Codesys_ROS2/ros2_ws/install/turtlesim/lib/python3.12/site-packages/turtlesim/turtlesim_s__rosidl_typesupport_fastrtps_c.so" to ""\n'}
[53.753469] (turtlesim) StdoutLine: {'line': b'-- Installing: /Minimalbeispiel_Codesys_ROS2/ros2_ws/install/turtlesim/lib/python3.12/site-packages/turtlesim/turtlesim_s__rosidl_typesupport_introspection_c.so\n'}
[53.754246] (turtlesim) StdoutLine: {'line': b'-- Set non-toolchain portion of runtime path of "/Minimalbeispiel_Codesys_ROS2/ros2_ws/install/turtlesim/lib/python3.12/site-packages/turtlesim/turtlesim_s__rosidl_typesupport_introspection_c.so" to ""\n'}
[53.755089] (turtlesim) StdoutLine: {'line': b'-- Installing: /Minimalbeispiel_Codesys_ROS2/ros2_ws/install/turtlesim/lib/python3.12/site-packages/turtlesim/turtlesim_s__rosidl_typesupport_c.so\n'}
[53.755914] (turtlesim) StdoutLine: {'line': b'-- Set non-toolchain portion of runtime path of "/Minimalbeispiel_Codesys_ROS2/ros2_ws/install/turtlesim/lib/python3.12/site-packages/turtlesim/turtlesim_s__rosidl_typesupport_c.so" to ""\n'}
[53.756296] (turtlesim) StdoutLine: {'line': b'-- Installing: /Minimalbeispiel_Codesys_ROS2/ros2_ws/install/turtlesim/lib/libturtlesim__rosidl_generator_py.so\n'}
[53.757668] (turtlesim) StdoutLine: {'line': b'-- Set non-toolchain portion of runtime path of "/Minimalbeispiel_Codesys_ROS2/ros2_ws/install/turtlesim/lib/libturtlesim__rosidl_generator_py.so" to ""\n'}
[53.758478] (turtlesim) StdoutLine: {'line': b'-- Installing: /Minimalbeispiel_Codesys_ROS2/ros2_ws/install/turtlesim/share/ament_index/resource_index/rust_packages/turtlesim\n'}
[53.758827] (turtlesim) StdoutLine: {'line': b'-- Installing: /Minimalbeispiel_Codesys_ROS2/ros2_ws/install/turtlesim/share/turtlesim/rust\n'}
[53.759760] (turtlesim) StdoutLine: {'line': b'-- Installing: /Minimalbeispiel_Codesys_ROS2/ros2_ws/install/turtlesim/share/turtlesim/rust/Cargo.toml\n'}
[53.760306] (turtlesim) StdoutLine: {'line': b'-- Installing: /Minimalbeispiel_Codesys_ROS2/ros2_ws/install/turtlesim/share/turtlesim/rust/src\n'}
[53.761300] (turtlesim) StdoutLine: {'line': b'-- Installing: /Minimalbeispiel_Codesys_ROS2/ros2_ws/install/turtlesim/share/turtlesim/rust/src/msg.rs\n'}
[53.761812] (turtlesim) StdoutLine: {'line': b'-- Installing: /Minimalbeispiel_Codesys_ROS2/ros2_ws/install/turtlesim/share/turtlesim/rust/src/srv\n'}
[53.762427] (turtlesim) StdoutLine: {'line': b'-- Installing: /Minimalbeispiel_Codesys_ROS2/ros2_ws/install/turtlesim/share/turtlesim/rust/src/srv/rmw.rs\n'}
[53.763197] (turtlesim) StdoutLine: {'line': b'-- Installing: /Minimalbeispiel_Codesys_ROS2/ros2_ws/install/turtlesim/share/turtlesim/rust/src/action.rs\n'}
[53.763761] (turtlesim) StdoutLine: {'line': b'-- Installing: /Minimalbeispiel_Codesys_ROS2/ros2_ws/install/turtlesim/share/turtlesim/rust/src/action\n'}
[53.764586] (turtlesim) StdoutLine: {'line': b'-- Installing: /Minimalbeispiel_Codesys_ROS2/ros2_ws/install/turtlesim/share/turtlesim/rust/src/action/rmw.rs\n'}
[53.765224] (turtlesim) StdoutLine: {'line': b'-- Installing: /Minimalbeispiel_Codesys_ROS2/ros2_ws/install/turtlesim/share/turtlesim/rust/src/lib.rs\n'}
[53.765729] (turtlesim) StdoutLine: {'line': b'-- Installing: /Minimalbeispiel_Codesys_ROS2/ros2_ws/install/turtlesim/share/turtlesim/rust/src/msg\n'}
[53.766480] (turtlesim) StdoutLine: {'line': b'-- Installing: /Minimalbeispiel_Codesys_ROS2/ros2_ws/install/turtlesim/share/turtlesim/rust/src/msg/rmw.rs\n'}
[53.767019] (turtlesim) StdoutLine: {'line': b'-- Installing: /Minimalbeispiel_Codesys_ROS2/ros2_ws/install/turtlesim/share/turtlesim/rust/src/srv.rs\n'}
[53.767585] (turtlesim) StdoutLine: {'line': b'-- Installing: /Minimalbeispiel_Codesys_ROS2/ros2_ws/install/turtlesim/share/turtlesim/rust/build.rs\n'}
[53.768172] (turtlesim) StdoutLine: {'line': b'-- Installing: /Minimalbeispiel_Codesys_ROS2/ros2_ws/install/turtlesim/share/turtlesim/action/RotateAbsolute.idl\n'}
[53.768483] (turtlesim) StdoutLine: {'line': b'-- Installing: /Minimalbeispiel_Codesys_ROS2/ros2_ws/install/turtlesim/share/turtlesim/msg/Color.idl\n'}
[53.768786] (turtlesim) StdoutLine: {'line': b'-- Installing: /Minimalbeispiel_Codesys_ROS2/ros2_ws/install/turtlesim/share/turtlesim/msg/Pose.idl\n'}
[53.769159] (turtlesim) StdoutLine: {'line': b'-- Installing: /Minimalbeispiel_Codesys_ROS2/ros2_ws/install/turtlesim/share/turtlesim/srv/Kill.idl\n'}
[53.769398] (turtlesim) StdoutLine: {'line': b'-- Installing: /Minimalbeispiel_Codesys_ROS2/ros2_ws/install/turtlesim/share/turtlesim/srv/SetPen.idl\n'}
[53.769673] (turtlesim) StdoutLine: {'line': b'-- Installing: /Minimalbeispiel_Codesys_ROS2/ros2_ws/install/turtlesim/share/turtlesim/srv/Spawn.idl\n'}
[53.769945] (turtlesim) StdoutLine: {'line': b'-- Installing: /Minimalbeispiel_Codesys_ROS2/ros2_ws/install/turtlesim/share/turtlesim/srv/TeleportAbsolute.idl\n'}
[53.770248] (turtlesim) StdoutLine: {'line': b'-- Installing: /Minimalbeispiel_Codesys_ROS2/ros2_ws/install/turtlesim/share/turtlesim/srv/TeleportRelative.idl\n'}
[53.770555] (turtlesim) StdoutLine: {'line': b'-- Installing: /Minimalbeispiel_Codesys_ROS2/ros2_ws/install/turtlesim/share/turtlesim/action/RotateAbsolute.action\n'}
[53.771410] (turtlesim) StdoutLine: {'line': b'-- Installing: /Minimalbeispiel_Codesys_ROS2/ros2_ws/install/turtlesim/share/turtlesim/msg/Color.msg\n'}
[53.771989] (turtlesim) StdoutLine: {'line': b'-- Installing: /Minimalbeispiel_Codesys_ROS2/ros2_ws/install/turtlesim/share/turtlesim/msg/Pose.msg\n'}
[53.772557] (turtlesim) StdoutLine: {'line': b'-- Installing: /Minimalbeispiel_Codesys_ROS2/ros2_ws/install/turtlesim/share/turtlesim/srv/Kill.srv\n'}
[53.773164] (turtlesim) StdoutLine: {'line': b'-- Installing: /Minimalbeispiel_Codesys_ROS2/ros2_ws/install/turtlesim/share/turtlesim/srv/SetPen.srv\n'}
[53.773760] (turtlesim) StdoutLine: {'line': b'-- Installing: /Minimalbeispiel_Codesys_ROS2/ros2_ws/install/turtlesim/share/turtlesim/srv/Spawn.srv\n'}
[53.774365] (turtlesim) StdoutLine: {'line': b'-- Installing: /Minimalbeispiel_Codesys_ROS2/ros2_ws/install/turtlesim/share/turtlesim/srv/TeleportAbsolute.srv\n'}
[53.775046] (turtlesim) StdoutLine: {'line': b'-- Installing: /Minimalbeispiel_Codesys_ROS2/ros2_ws/install/turtlesim/share/turtlesim/srv/TeleportRelative.srv\n'}
[53.776510] (turtlesim) StdoutLine: {'line': b'-- Installing: /Minimalbeispiel_Codesys_ROS2/ros2_ws/install/turtlesim/lib/turtlesim/turtlesim_node\n'}
[53.797831] (-) TimerEvent: {}
[53.798300] (turtlesim) StdoutLine: {'line': b'-- Set non-toolchain portion of runtime path of "/Minimalbeispiel_Codesys_ROS2/ros2_ws/install/turtlesim/lib/turtlesim/turtlesim_node" to ""\n'}
[53.798520] (turtlesim) StdoutLine: {'line': b'-- Installing: /Minimalbeispiel_Codesys_ROS2/ros2_ws/install/turtlesim/lib/turtlesim/turtle_teleop_key\n'}
[53.804386] (turtlesim) StdoutLine: {'line': b'-- Set non-toolchain portion of runtime path of "/Minimalbeispiel_Codesys_ROS2/ros2_ws/install/turtlesim/lib/turtlesim/turtle_teleop_key" to ""\n'}
[53.804714] (turtlesim) StdoutLine: {'line': b'-- Installing: /Minimalbeispiel_Codesys_ROS2/ros2_ws/install/turtlesim/lib/turtlesim/draw_square\n'}
[53.818086] (turtlesim) StdoutLine: {'line': b'-- Set non-toolchain portion of runtime path of "/Minimalbeispiel_Codesys_ROS2/ros2_ws/install/turtlesim/lib/turtlesim/draw_square" to ""\n'}
[53.818620] (turtlesim) StdoutLine: {'line': b'-- Installing: /Minimalbeispiel_Codesys_ROS2/ros2_ws/install/turtlesim/lib/turtlesim/mimic\n'}
[53.830428] (turtlesim) StdoutLine: {'line': b'-- Set non-toolchain portion of runtime path of "/Minimalbeispiel_Codesys_ROS2/ros2_ws/install/turtlesim/lib/turtlesim/mimic" to ""\n'}
[53.831178] (turtlesim) StdoutLine: {'line': b'-- Installing: /Minimalbeispiel_Codesys_ROS2/ros2_ws/install/turtlesim/share/turtlesim/images\n'}
[53.832551] (turtlesim) StdoutLine: {'line': b'-- Installing: /Minimalbeispiel_Codesys_ROS2/ros2_ws/install/turtlesim/share/turtlesim/images/galactic.png\n'}
[53.833014] (turtlesim) StdoutLine: {'line': b'-- Installing: /Minimalbeispiel_Codesys_ROS2/ros2_ws/install/turtlesim/share/turtlesim/images/jazzy.png\n'}
[53.833392] (turtlesim) StdoutLine: {'line': b'-- Installing: /Minimalbeispiel_Codesys_ROS2/ros2_ws/install/turtlesim/share/turtlesim/images/ardent.png\n'}
[53.833710] (turtlesim) StdoutLine: {'line': b'-- Installing: /Minimalbeispiel_Codesys_ROS2/ros2_ws/install/turtlesim/share/turtlesim/images/dashing.png\n'}
[53.834003] (turtlesim) StdoutLine: {'line': b'-- Installing: /Minimalbeispiel_Codesys_ROS2/ros2_ws/install/turtlesim/share/turtlesim/images/foxy.png\n'}
[53.834334] (turtlesim) StdoutLine: {'line': b'-- Installing: /Minimalbeispiel_Codesys_ROS2/ros2_ws/install/turtlesim/share/turtlesim/images/humble.png\n'}
[53.834661] (turtlesim) StdoutLine: {'line': b'-- Installing: /Minimalbeispiel_Codesys_ROS2/ros2_ws/install/turtlesim/share/turtlesim/images/eloquent.png\n'}
[53.834963] (turtlesim) StdoutLine: {'line': b'-- Installing: /Minimalbeispiel_Codesys_ROS2/ros2_ws/install/turtlesim/share/turtlesim/images/crystal.png\n'}
[53.835447] (turtlesim) StdoutLine: {'line': b'-- Installing: /Minimalbeispiel_Codesys_ROS2/ros2_ws/install/turtlesim/share/turtlesim/images/rolling.png\n'}
[53.835736] (turtlesim) StdoutLine: {'line': b'-- Installing: /Minimalbeispiel_Codesys_ROS2/ros2_ws/install/turtlesim/share/turtlesim/images/bouncy.png\n'}
[53.836281] (turtlesim) StdoutLine: {'line': b'-- Installing: /Minimalbeispiel_Codesys_ROS2/ros2_ws/install/turtlesim/share/turtlesim/images/iron.png\n'}
[53.836562] (turtlesim) StdoutLine: {'line': b'-- Installing: /Minimalbeispiel_Codesys_ROS2/ros2_ws/install/turtlesim/share/turtlesim/launch\n'}
[53.837626] (turtlesim) StdoutLine: {'line': b'-- Installing: /Minimalbeispiel_Codesys_ROS2/ros2_ws/install/turtlesim/share/turtlesim/launch/multisim.launch.py\n'}
[53.838726] (turtlesim) StdoutLine: {'line': b'-- Installing: /Minimalbeispiel_Codesys_ROS2/ros2_ws/install/turtlesim/share/ament_index/resource_index/package_run_dependencies/turtlesim\n'}
[53.840292] (turtlesim) StdoutLine: {'line': b'-- Installing: /Minimalbeispiel_Codesys_ROS2/ros2_ws/install/turtlesim/share/ament_index/resource_index/parent_prefix_path/turtlesim\n'}
[53.843513] (turtlesim) StdoutLine: {'line': b'-- Installing: /Minimalbeispiel_Codesys_ROS2/ros2_ws/install/turtlesim/share/turtlesim/environment/ament_prefix_path.sh\n'}
[53.844015] (turtlesim) StdoutLine: {'line': b'-- Installing: /Minimalbeispiel_Codesys_ROS2/ros2_ws/install/turtlesim/share/turtlesim/environment/ament_prefix_path.dsv\n'}
[53.844809] (turtlesim) StdoutLine: {'line': b'-- Installing: /Minimalbeispiel_Codesys_ROS2/ros2_ws/install/turtlesim/share/turtlesim/environment/path.sh\n'}
[53.845259] (turtlesim) StdoutLine: {'line': b'-- Installing: /Minimalbeispiel_Codesys_ROS2/ros2_ws/install/turtlesim/share/turtlesim/environment/path.dsv\n'}
[53.845895] (turtlesim) StdoutLine: {'line': b'-- Installing: /Minimalbeispiel_Codesys_ROS2/ros2_ws/install/turtlesim/share/turtlesim/local_setup.bash\n'}
[53.846684] (turtlesim) StdoutLine: {'line': b'-- Installing: /Minimalbeispiel_Codesys_ROS2/ros2_ws/install/turtlesim/share/turtlesim/local_setup.sh\n'}
[53.847688] (turtlesim) StdoutLine: {'line': b'-- Installing: /Minimalbeispiel_Codesys_ROS2/ros2_ws/install/turtlesim/share/turtlesim/local_setup.zsh\n'}
[53.848385] (turtlesim) StdoutLine: {'line': b'-- Installing: /Minimalbeispiel_Codesys_ROS2/ros2_ws/install/turtlesim/share/turtlesim/local_setup.dsv\n'}
[53.848976] (turtlesim) StdoutLine: {'line': b'-- Installing: /Minimalbeispiel_Codesys_ROS2/ros2_ws/install/turtlesim/share/turtlesim/package.dsv\n'}
[53.850521] (turtlesim) StdoutLine: {'line': b'-- Installing: /Minimalbeispiel_Codesys_ROS2/ros2_ws/install/turtlesim/share/ament_index/resource_index/packages/turtlesim\n'}
[53.851674] (turtlesim) StdoutLine: {'line': b'-- Installing: /Minimalbeispiel_Codesys_ROS2/ros2_ws/install/turtlesim/share/turtlesim/cmake/export_turtlesim__rosidl_generator_cExport.cmake\n'}
[53.852458] (turtlesim) StdoutLine: {'line': b'-- Installing: /Minimalbeispiel_Codesys_ROS2/ros2_ws/install/turtlesim/share/turtlesim/cmake/export_turtlesim__rosidl_generator_cExport-noconfig.cmake\n'}
[53.853194] (turtlesim) StdoutLine: {'line': b'-- Installing: /Minimalbeispiel_Codesys_ROS2/ros2_ws/install/turtlesim/share/turtlesim/cmake/export_turtlesim__rosidl_typesupport_fastrtps_cExport.cmake\n'}
[53.853904] (turtlesim) StdoutLine: {'line': b'-- Installing: /Minimalbeispiel_Codesys_ROS2/ros2_ws/install/turtlesim/share/turtlesim/cmake/export_turtlesim__rosidl_typesupport_fastrtps_cExport-noconfig.cmake\n'}
[53.854579] (turtlesim) StdoutLine: {'line': b'-- Installing: /Minimalbeispiel_Codesys_ROS2/ros2_ws/install/turtlesim/share/turtlesim/cmake/export_turtlesim__rosidl_generator_cppExport.cmake\n'}
[53.855421] (turtlesim) StdoutLine: {'line': b'-- Installing: /Minimalbeispiel_Codesys_ROS2/ros2_ws/install/turtlesim/share/turtlesim/cmake/export_turtlesim__rosidl_typesupport_fastrtps_cppExport.cmake\n'}
[53.856073] (turtlesim) StdoutLine: {'line': b'-- Installing: /Minimalbeispiel_Codesys_ROS2/ros2_ws/install/turtlesim/share/turtlesim/cmake/export_turtlesim__rosidl_typesupport_fastrtps_cppExport-noconfig.cmake\n'}
[53.856617] (turtlesim) StdoutLine: {'line': b'-- Installing: /Minimalbeispiel_Codesys_ROS2/ros2_ws/install/turtlesim/share/turtlesim/cmake/turtlesim__rosidl_typesupport_introspection_cExport.cmake\n'}
[53.857247] (turtlesim) StdoutLine: {'line': b'-- Installing: /Minimalbeispiel_Codesys_ROS2/ros2_ws/install/turtlesim/share/turtlesim/cmake/turtlesim__rosidl_typesupport_introspection_cExport-noconfig.cmake\n'}
[53.857864] (turtlesim) StdoutLine: {'line': b'-- Installing: /Minimalbeispiel_Codesys_ROS2/ros2_ws/install/turtlesim/share/turtlesim/cmake/turtlesim__rosidl_typesupport_cExport.cmake\n'}
[53.858483] (turtlesim) StdoutLine: {'line': b'-- Installing: /Minimalbeispiel_Codesys_ROS2/ros2_ws/install/turtlesim/share/turtlesim/cmake/turtlesim__rosidl_typesupport_cExport-noconfig.cmake\n'}
[53.859200] (turtlesim) StdoutLine: {'line': b'-- Installing: /Minimalbeispiel_Codesys_ROS2/ros2_ws/install/turtlesim/share/turtlesim/cmake/turtlesim__rosidl_typesupport_introspection_cppExport.cmake\n'}
[53.859767] (turtlesim) StdoutLine: {'line': b'-- Installing: /Minimalbeispiel_Codesys_ROS2/ros2_ws/install/turtlesim/share/turtlesim/cmake/turtlesim__rosidl_typesupport_introspection_cppExport-noconfig.cmake\n'}
[53.860483] (turtlesim) StdoutLine: {'line': b'-- Installing: /Minimalbeispiel_Codesys_ROS2/ros2_ws/install/turtlesim/share/turtlesim/cmake/turtlesim__rosidl_typesupport_cppExport.cmake\n'}
[53.861062] (turtlesim) StdoutLine: {'line': b'-- Installing: /Minimalbeispiel_Codesys_ROS2/ros2_ws/install/turtlesim/share/turtlesim/cmake/turtlesim__rosidl_typesupport_cppExport-noconfig.cmake\n'}
[53.861767] (turtlesim) StdoutLine: {'line': b'-- Installing: /Minimalbeispiel_Codesys_ROS2/ros2_ws/install/turtlesim/share/turtlesim/cmake/export_turtlesim__rosidl_generator_pyExport.cmake\n'}
[53.862429] (turtlesim) StdoutLine: {'line': b'-- Installing: /Minimalbeispiel_Codesys_ROS2/ros2_ws/install/turtlesim/share/turtlesim/cmake/export_turtlesim__rosidl_generator_pyExport-noconfig.cmake\n'}
[53.863084] (turtlesim) StdoutLine: {'line': b'-- Installing: /Minimalbeispiel_Codesys_ROS2/ros2_ws/install/turtlesim/share/turtlesim/cmake/rosidl_cmake-extras.cmake\n'}
[53.863601] (turtlesim) StdoutLine: {'line': b'-- Installing: /Minimalbeispiel_Codesys_ROS2/ros2_ws/install/turtlesim/share/turtlesim/cmake/ament_cmake_export_dependencies-extras.cmake\n'}
[53.864338] (turtlesim) StdoutLine: {'line': b'-- Installing: /Minimalbeispiel_Codesys_ROS2/ros2_ws/install/turtlesim/share/turtlesim/cmake/ament_cmake_export_include_directories-extras.cmake\n'}
[53.864952] (turtlesim) StdoutLine: {'line': b'-- Installing: /Minimalbeispiel_Codesys_ROS2/ros2_ws/install/turtlesim/share/turtlesim/cmake/ament_cmake_export_libraries-extras.cmake\n'}
[53.865616] (turtlesim) StdoutLine: {'line': b'-- Installing: /Minimalbeispiel_Codesys_ROS2/ros2_ws/install/turtlesim/share/turtlesim/cmake/ament_cmake_export_targets-extras.cmake\n'}
[53.866177] (turtlesim) StdoutLine: {'line': b'-- Installing: /Minimalbeispiel_Codesys_ROS2/ros2_ws/install/turtlesim/share/turtlesim/cmake/rosidl_cmake_export_typesupport_targets-extras.cmake\n'}
[53.866752] (turtlesim) StdoutLine: {'line': b'-- Installing: /Minimalbeispiel_Codesys_ROS2/ros2_ws/install/turtlesim/share/turtlesim/cmake/rosidl_cmake_export_typesupport_libraries-extras.cmake\n'}
[53.867447] (turtlesim) StdoutLine: {'line': b'-- Installing: /Minimalbeispiel_Codesys_ROS2/ros2_ws/install/turtlesim/share/turtlesim/cmake/rosidl_cmake_aggregate_target-extras.cmake\n'}
[53.868009] (turtlesim) StdoutLine: {'line': b'-- Installing: /Minimalbeispiel_Codesys_ROS2/ros2_ws/install/turtlesim/share/turtlesim/cmake/turtlesimConfig.cmake\n'}
[53.868542] (turtlesim) StdoutLine: {'line': b'-- Installing: /Minimalbeispiel_Codesys_ROS2/ros2_ws/install/turtlesim/share/turtlesim/cmake/turtlesimConfig-version.cmake\n'}
[53.869167] (turtlesim) StdoutLine: {'line': b'-- Installing: /Minimalbeispiel_Codesys_ROS2/ros2_ws/install/turtlesim/share/turtlesim/package.xml\n'}
[53.874289] (turtlesim) CommandEnded: {'returncode': 0}
[53.898538] (-) TimerEvent: {}
[53.925773] (turtlesim) JobEnded: {'identifier': 'turtlesim', 'rc': 0}
[53.927396] (minimalbeispiel_pkg) JobStarted: {'identifier': 'minimalbeispiel_pkg'}
[53.998736] (-) TimerEvent: {}
[54.099206] (-) TimerEvent: {}
[54.199703] (-) TimerEvent: {}
[54.300175] (-) TimerEvent: {}
[54.400659] (-) TimerEvent: {}
[54.501256] (-) TimerEvent: {}
[54.601877] (-) TimerEvent: {}
[54.702477] (-) TimerEvent: {}
[54.802931] (-) TimerEvent: {}
[54.903395] (-) TimerEvent: {}
[55.003892] (-) TimerEvent: {}
[55.104345] (-) TimerEvent: {}
[55.204784] (-) TimerEvent: {}
[55.305373] (-) TimerEvent: {}
[55.406003] (-) TimerEvent: {}
[55.506520] (-) TimerEvent: {}
[55.607164] (-) TimerEvent: {}
[55.668933] (minimalbeispiel_pkg) Command: {'cmd': ['/usr/bin/python3', '-W', 'ignore:setup.py install is deprecated', '-W', 'ignore:easy_install command is deprecated', 'setup.py', 'egg_info', '--egg-base', '../../build/minimalbeispiel_pkg', 'build', '--build-base', '/Minimalbeispiel_Codesys_ROS2/ros2_ws/build/minimalbeispiel_pkg/build', 'install', '--record', '/Minimalbeispiel_Codesys_ROS2/ros2_ws/build/minimalbeispiel_pkg/install.log', '--install-scripts', '$base/lib/minimalbeispiel_pkg', '--single-version-externally-managed', 'install_data'], 'cwd': '/Minimalbeispiel_Codesys_ROS2/ros2_ws/src/minimalbeispiel_pkg', 'env': {'HOSTNAME': '288febc621fc', 'SHLVL': '1', 'LD_LIBRARY_PATH': '/Minimalbeispiel_Codesys_ROS2/ros2_ws/install/turtlesim/lib:/opt/ros/jazzy/opt/rviz_ogre_vendor/lib:/opt/ros/jazzy/lib/x86_64-linux-gnu:/opt/ros/jazzy/opt/gz_math_vendor/lib:/opt/ros/jazzy/opt/gz_utils_vendor/lib:/opt/ros/jazzy/opt/gz_cmake_vendor/lib:/opt/ros/jazzy/lib', 'HOME': '/root', 'OLDPWD': '/Minimalbeispiel_Codesys_ROS2/ros2_ws/src', 'ROS_PYTHON_VERSION': '3', 'COLCON_PREFIX_PATH': '/Minimalbeispiel_Codesys_ROS2/ros2_ws/install', 'ROS_DISTRO': 'jazzy', '_': '/usr/bin/colcon', 'ROS_VERSION': '2', 'TERM': 'xterm', 'PATH': '/opt/ros/jazzy/bin:/usr/local/sbin:/usr/local/bin:/usr/sbin:/usr/bin:/sbin:/bin', 'DISPLAY': ':0', 'LANG': 'C.UTF-8', 'LS_COLORS': 'rs=0:di=01;34:ln=01;36:mh=00:pi=40;33:so=01;35:do=01;35:bd=40;33;01:cd=40;33;01:or=40;31;01:mi=00:su=37;41:sg=30;43:ca=00:tw=30;42:ow=34;42:st=37;44:ex=01;32:*.tar=01;31:*.tgz=01;31:*.arc=01;31:*.arj=01;31:*.taz=01;31:*.lha=01;31:*.lz4=01;31:*.lzh=01;31:*.lzma=01;31:*.tlz=01;31:*.txz=01;31:*.tzo=01;31:*.t7z=01;31:*.zip=01;31:*.z=01;31:*.dz=01;31:*.gz=01;31:*.lrz=01;31:*.lz=01;31:*.lzo=01;31:*.xz=01;31:*.zst=01;31:*.tzst=01;31:*.bz2=01;31:*.bz=01;31:*.tbz=01;31:*.tbz2=01;31:*.tz=01;31:*.deb=01;31:*.rpm=01;31:*.jar=01;31:*.war=01;31:*.ear=01;31:*.sar=01;31:*.rar=01;31:*.alz=01;31:*.ace=01;31:*.zoo=01;31:*.cpio=01;31:*.7z=01;31:*.rz=01;31:*.cab=01;31:*.wim=01;31:*.swm=01;31:*.dwm=01;31:*.esd=01;31:*.avif=01;35:*.jpg=01;35:*.jpeg=01;35:*.mjpg=01;35:*.mjpeg=01;35:*.gif=01;35:*.bmp=01;35:*.pbm=01;35:*.pgm=01;35:*.ppm=01;35:*.tga=01;35:*.xbm=01;35:*.xpm=01;35:*.tif=01;35:*.tiff=01;35:*.png=01;35:*.svg=01;35:*.svgz=01;35:*.mng=01;35:*.pcx=01;35:*.mov=01;35:*.mpg=01;35:*.mpeg=01;35:*.m2v=01;35:*.mkv=01;35:*.webm=01;35:*.webp=01;35:*.ogm=01;35:*.mp4=01;35:*.m4v=01;35:*.mp4v=01;35:*.vob=01;35:*.qt=01;35:*.nuv=01;35:*.wmv=01;35:*.asf=01;35:*.rm=01;35:*.rmvb=01;35:*.flc=01;35:*.avi=01;35:*.fli=01;35:*.flv=01;35:*.gl=01;35:*.dl=01;35:*.xcf=01;35:*.xwd=01;35:*.yuv=01;35:*.cgm=01;35:*.emf=01;35:*.ogv=01;35:*.ogx=01;35:*.aac=00;36:*.au=00;36:*.flac=00;36:*.m4a=00;36:*.mid=00;36:*.midi=00;36:*.mka=00;36:*.mp3=00;36:*.mpc=00;36:*.ogg=00;36:*.ra=00;36:*.wav=00;36:*.oga=00;36:*.opus=00;36:*.spx=00;36:*.xspf=00;36:*~=00;90:*#=00;90:*.bak=00;90:*.crdownload=00;90:*.dpkg-dist=00;90:*.dpkg-new=00;90:*.dpkg-old=00;90:*.dpkg-tmp=00;90:*.old=00;90:*.orig=00;90:*.part=00;90:*.rej=00;90:*.rpmnew=00;90:*.rpmorig=00;90:*.rpmsave=00;90:*.swp=00;90:*.tmp=00;90:*.ucf-dist=00;90:*.ucf-new=00;90:*.ucf-old=00;90:', 'AMENT_PREFIX_PATH': '/Minimalbeispiel_Codesys_ROS2/ros2_ws/install/turtlesim:/Minimalbeispiel_Codesys_ROS2/ros2_ws/install/minimalbeispiel_pkg:/opt/ros/jazzy', 'ROS_AUTOMATIC_DISCOVERY_RANGE': 'SUBNET', 'PWD': '/Minimalbeispiel_Codesys_ROS2/ros2_ws/build/minimalbeispiel_pkg', 'LC_ALL': 'C.UTF-8', 'PYTHONPATH': '/Minimalbeispiel_Codesys_ROS2/ros2_ws/build/minimalbeispiel_pkg/prefix_override:/usr/lib/python3/dist-packages/colcon_core/task/python/colcon_distutils_commands:/Minimalbeispiel_Codesys_ROS2/ros2_ws/install/minimalbeispiel_pkg/lib/python3.12/site-packages:/Minimalbeispiel_Codesys_ROS2/ros2_ws/install/turtlesim/lib/python3.12/site-packages:/Minimalbeispiel_Codesys_ROS2/ros2_ws/build/minimalbeispiel_pkg:/Minimalbeispiel_Codesys_ROS2/ros2_ws/install/minimalbeispiel_pkg/lib/python3.12/site-packages:/opt/ros/jazzy/lib/python3.12/site-packages', 'COLCON': '1', 'CMAKE_PREFIX_PATH': '/Minimalbeispiel_Codesys_ROS2/ros2_ws/install/turtlesim:/opt/ros/jazzy/opt/gz_math_vendor:/opt/ros/jazzy/opt/gz_utils_vendor:/opt/ros/jazzy/opt/gz_cmake_vendor'}, 'shell': False}
[55.707310] (-) TimerEvent: {}
[55.807805] (-) TimerEvent: {}
[55.908303] (-) TimerEvent: {}
[56.008772] (-) TimerEvent: {}
[56.074641] (minimalbeispiel_pkg) StdoutLine: {'line': b'running egg_info\n'}
[56.075452] (minimalbeispiel_pkg) StdoutLine: {'line': b'creating ../../build/minimalbeispiel_pkg/minimalbeispiel_pkg.egg-info\n'}
[56.100054] (minimalbeispiel_pkg) StdoutLine: {'line': b'writing ../../build/minimalbeispiel_pkg/minimalbeispiel_pkg.egg-info/PKG-INFO\n'}
[56.100487] (minimalbeispiel_pkg) StdoutLine: {'line': b'writing dependency_links to ../../build/minimalbeispiel_pkg/minimalbeispiel_pkg.egg-info/dependency_links.txt\n'}
[56.100815] (minimalbeispiel_pkg) StdoutLine: {'line': b'writing entry points to ../../build/minimalbeispiel_pkg/minimalbeispiel_pkg.egg-info/entry_points.txt\n'}
[56.101374] (minimalbeispiel_pkg) StdoutLine: {'line': b'writing requirements to ../../build/minimalbeispiel_pkg/minimalbeispiel_pkg.egg-info/requires.txt\n'}
[56.101715] (minimalbeispiel_pkg) StdoutLine: {'line': b'writing top-level names to ../../build/minimalbeispiel_pkg/minimalbeispiel_pkg.egg-info/top_level.txt\n'}
[56.101825] (minimalbeispiel_pkg) StdoutLine: {'line': b"writing manifest file '../../build/minimalbeispiel_pkg/minimalbeispiel_pkg.egg-info/SOURCES.txt'\n"}
[56.108975] (-) TimerEvent: {}
[56.159665] (minimalbeispiel_pkg) StdoutLine: {'line': b"reading manifest file '../../build/minimalbeispiel_pkg/minimalbeispiel_pkg.egg-info/SOURCES.txt'\n"}
[56.160129] (minimalbeispiel_pkg) StdoutLine: {'line': b"adding license file 'LICENSE'\n"}
[56.160667] (minimalbeispiel_pkg) StdoutLine: {'line': b"writing manifest file '../../build/minimalbeispiel_pkg/minimalbeispiel_pkg.egg-info/SOURCES.txt'\n"}
[56.160998] (minimalbeispiel_pkg) StdoutLine: {'line': b'running build\n'}
[56.161345] (minimalbeispiel_pkg) StdoutLine: {'line': b'running build_py\n'}
[56.161536] (minimalbeispiel_pkg) StdoutLine: {'line': b'creating /Minimalbeispiel_Codesys_ROS2/ros2_ws/build/minimalbeispiel_pkg/build\n'}
[56.162354] (minimalbeispiel_pkg) StdoutLine: {'line': b'creating /Minimalbeispiel_Codesys_ROS2/ros2_ws/build/minimalbeispiel_pkg/build/lib\n'}
[56.162999] (minimalbeispiel_pkg) StdoutLine: {'line': b'creating /Minimalbeispiel_Codesys_ROS2/ros2_ws/build/minimalbeispiel_pkg/build/lib/minimalbeispiel_pkg\n'}
[56.163770] (minimalbeispiel_pkg) StdoutLine: {'line': b'copying minimalbeispiel_pkg/__init__.py -> /Minimalbeispiel_Codesys_ROS2/ros2_ws/build/minimalbeispiel_pkg/build/lib/minimalbeispiel_pkg\n'}
[56.164152] (minimalbeispiel_pkg) StdoutLine: {'line': b'copying minimalbeispiel_pkg/subscriber.py -> /Minimalbeispiel_Codesys_ROS2/ros2_ws/build/minimalbeispiel_pkg/build/lib/minimalbeispiel_pkg\n'}
[56.164678] (minimalbeispiel_pkg) StdoutLine: {'line': b'running install\n'}
[56.173258] (minimalbeispiel_pkg) StdoutLine: {'line': b'running install_lib\n'}
[56.198926] (minimalbeispiel_pkg) StdoutLine: {'line': b'creating /Minimalbeispiel_Codesys_ROS2/ros2_ws/install/minimalbeispiel_pkg/lib/python3.12/site-packages/minimalbeispiel_pkg\n'}
[56.200076] (minimalbeispiel_pkg) StdoutLine: {'line': b'copying /Minimalbeispiel_Codesys_ROS2/ros2_ws/build/minimalbeispiel_pkg/build/lib/minimalbeispiel_pkg/__init__.py -> /Minimalbeispiel_Codesys_ROS2/ros2_ws/install/minimalbeispiel_pkg/lib/python3.12/site-packages/minimalbeispiel_pkg\n'}
[56.200463] (minimalbeispiel_pkg) StdoutLine: {'line': b'copying /Minimalbeispiel_Codesys_ROS2/ros2_ws/build/minimalbeispiel_pkg/build/lib/minimalbeispiel_pkg/subscriber.py -> /Minimalbeispiel_Codesys_ROS2/ros2_ws/install/minimalbeispiel_pkg/lib/python3.12/site-packages/minimalbeispiel_pkg\n'}
[56.201290] (minimalbeispiel_pkg) StdoutLine: {'line': b'byte-compiling /Minimalbeispiel_Codesys_ROS2/ros2_ws/install/minimalbeispiel_pkg/lib/python3.12/site-packages/minimalbeispiel_pkg/__init__.py to __init__.cpython-312.pyc\n'}
[56.202234] (minimalbeispiel_pkg) StdoutLine: {'line': b'byte-compiling /Minimalbeispiel_Codesys_ROS2/ros2_ws/install/minimalbeispiel_pkg/lib/python3.12/site-packages/minimalbeispiel_pkg/subscriber.py to subscriber.cpython-312.pyc\n'}
[56.203499] (minimalbeispiel_pkg) StdoutLine: {'line': b'running install_data\n'}
[56.203975] (minimalbeispiel_pkg) StdoutLine: {'line': b'creating /Minimalbeispiel_Codesys_ROS2/ros2_ws/install/minimalbeispiel_pkg/share/ament_index\n'}
[56.204697] (minimalbeispiel_pkg) StdoutLine: {'line': b'creating /Minimalbeispiel_Codesys_ROS2/ros2_ws/install/minimalbeispiel_pkg/share/ament_index/resource_index\n'}
[56.205518] (minimalbeispiel_pkg) StdoutLine: {'line': b'creating /Minimalbeispiel_Codesys_ROS2/ros2_ws/install/minimalbeispiel_pkg/share/ament_index/resource_index/packages\n'}
[56.206291] (minimalbeispiel_pkg) StdoutLine: {'line': b'copying resource/minimalbeispiel_pkg -> /Minimalbeispiel_Codesys_ROS2/ros2_ws/install/minimalbeispiel_pkg/share/ament_index/resource_index/packages\n'}
[56.206619] (minimalbeispiel_pkg) StdoutLine: {'line': b'copying package.xml -> /Minimalbeispiel_Codesys_ROS2/ros2_ws/install/minimalbeispiel_pkg/share/minimalbeispiel_pkg\n'}
[56.206883] (minimalbeispiel_pkg) StdoutLine: {'line': b'running install_egg_info\n'}
[56.209152] (-) TimerEvent: {}
[56.239175] (minimalbeispiel_pkg) StdoutLine: {'line': b'Copying ../../build/minimalbeispiel_pkg/minimalbeispiel_pkg.egg-info to /Minimalbeispiel_Codesys_ROS2/ros2_ws/install/minimalbeispiel_pkg/lib/python3.12/site-packages/minimalbeispiel_pkg-0.0.0-py3.12.egg-info\n'}
[56.242322] (minimalbeispiel_pkg) StdoutLine: {'line': b'running install_scripts\n'}
[56.309378] (-) TimerEvent: {}
[56.409915] (-) TimerEvent: {}
[56.446922] (minimalbeispiel_pkg) StdoutLine: {'line': b'Installing sub_pose script to /Minimalbeispiel_Codesys_ROS2/ros2_ws/install/minimalbeispiel_pkg/lib/minimalbeispiel_pkg\n'}
[56.448233] (minimalbeispiel_pkg) StdoutLine: {'line': b"writing list of installed files to '/Minimalbeispiel_Codesys_ROS2/ros2_ws/build/minimalbeispiel_pkg/install.log'\n"}
[56.492658] (minimalbeispiel_pkg) CommandEnded: {'returncode': 0}
[56.504668] (minimalbeispiel_pkg) JobEnded: {'identifier': 'minimalbeispiel_pkg', 'rc': 0}
[56.506749] (-) EventReactorShutdown: {}
